quartier,superficie,nombre_chambres,douche_wc,type_d_acces,meublé,état_général,loyer_mensuel,url_original
FelanarakotonDRAVOAVY,,2,interieur,voiture_avec_par_parking,TRUE,,600000,https://www.ofim.mg/69537/Location-Appartement-ANTANANARIVO-TANANARIVE-A-louer-appartement-T3-avec-parking-securise-a-Anjomakely-RN7-Antananarivo.html
Ankadikely,,1,interieur,voiture_avec_par_parking,TRUE,,600000,https://www.ofim.mg/70905/Location-Appartement-ANTANANARIVO-TANANARIVE-Un-loft-meuble-a-Ankadikely-AMbohipanja-Ilafy.html
Ambohimanga Rova,1247,2,interieur,sans,oui,bon,700000,https://www.ofim.mg/69131/Location-Maison-Villa-ANTANANARIVO-TANANARIVE-a-louer-une-villa-plain-pied-de-type-F3-semi-meublee-ideale-pour-se-reposer-dans-un-quartier-calme-d-Ambohimanga-Rova-Non-Disponible.html
Felanakatekavoy,,3,interieur,voiture_avec_par_parking,FALSE,,700000,https://www.ofim.mg/69871/Location-Maison-Villa-ANTANANARIVO-TANANARIVE-A-louer-une-maison-basse-F4-sur-Mahalavolona-Andoharanofotsy-Antananarivo.html
Lalaina RATSIMBAZAFY,,1,interieur,voiture_avec_par_parking,FALSE,moyen,900000,https://www.ofim.mg/52845/Location-Appartement-ANTANANARIVO-TANANARIVE-A-louer-un-appartment-T2-dans-une-residence-a15mn-du-Lycee-a-Ambatobe-Antananarivo.html
Ambohitsiroa Ambohidratrimo,,3,interieur,voiture,FALSE,,900000,https://www.ofim.mg/69938/Location-Appartement-ANTANANARIVO-TANANARIVE-Appartement-T3-et-T4-a-louer-a-Ambohidratrimo.html
Itaosy,,2,interieur,voiture_avec_par_parking,FALSE,,1000000,https://www.ofim.mg/65311/Location-Maison-Villa-ANTANANARIVO-TANANARIVE-a-louer-une-villa-plain-pied-de-type-F3-dans-une-residence-securisee-a-proximite-du-centre-commercial-Horizon-sis-a-Itaosy-NON-DISPONIBLE.html
Mandrimena Andoharanofotsy Iavoloha,,2,interieur,voiture_avec_par_parking,FALSE,,1000000,https://www.ofim.mg/69928/Location-Maison-Villa-ANTANANARIVO-TANANARIVE-a-louer-une-maison-basse-de-type-F3-dans-une-residence-securisee-proche-de-toutes-les-commodites-facile-d-acces-via-by-pass-et-RN7-sise-a-Mandrimena-Andoharanofotsy-Iavoloha.html
Perelle LOCK CHIOU,,1,interieur,voiture_avec_par_parking,TRUE,,1000000,https://www.ofim.mg/70093/Location-Appartement-ANTANANARIVO-TANANARIVE-OFIM-loue-un-studio-en-duplex-sur-Andrefanambohijanahary-Mananjara.html
Lalaina RATSIMBAZAFY,,3,interieur,voiture_avec_par_parking,,bon,1000000,https://www.ofim.mg/70626/Location-Appartement-ANTANANARIVO-TANANARIVE-Un-appartement-T4-au-1er-etage-a-Ambatoroka.html
Perelle LOCK CHIOU,12,3,interieur,voiture_avec_par_parking,FALSE,bon,1000000,https://www.ofim.mg/70915/Location-Maison-Villa-ANTANANARIVO-TANANARIVE-OFIM-Immobilier-loue-une-maison-basse-F4-sur-Alasora-a-environ-15min-du-By-pass.html
TANANARIVO,,2,interieur,sans,oui,,1100000,https://www.ofim.mg/69689/Location-Maison-Villa-ANTANANARIVO-TANANARIVE-Maison-a-etage-ecologique-de-type-F2-avec-mezzanine-bord-du-lac-a-louer-courte-ou-longue-duree-dans-un-endroit-calme-avec-vue-imprenable-a-quelques-kilometres-de-l-aeroport-situe-a-Patrakala-Ambatolampy-Tsimahafotsy.html
Jacky RASOLOARIVONY,,2,interieur,voiture_avec_par_parking,TRUE,,1200000,https://www.ofim.mg/49364/Location-Appartement-ANTANANARIVO-TANANARIVE-A-louer-un-appartement-meuble-de-type-T3-avec-piscine-situe-a-Ambohibao-Morondava-dans-un-immeuble-bien-securise-NON-DISPONIBLE.html
Perelle LOCK CHIOU,,2,interieur,voiture_avec_par_parking,,,1200000,https://www.ofim.mg/61673/Location-Appartement-ANTANANARIVO-TANANARIVE-OFIM-propose-en-location-un-appartement-T3-de-125m2-a-Anosivavaka-en-moins-de-5min-d-Andraharo-NON-DISPONIBLE.html
Perelle LOCK CHIOU,40,1,interieur,sans,non,moyen,1200000,https://www.ofim.mg/62578/Location-Appartement-ANTANANARIVO-TANANARIVE-OFIM-immobilier-offre-en-location-un-appartement-en-duplex-T2-meuble-a-Anosivavaka-LOUE.html
Antsahavola,50,1,interieur,sans,FALSE,bon,1200000,https://www.ofim.mg/69882/Location-Appartement-ANTANANARIVO-TANANARIVE-A-louer-un-studio-en-plein-centre-ville-au-2-eme-etage-d-un-immeuble-a-Antsahavola-Antananarivo.html
Andranomena,1055,1,interieur,voiture_avec_par_parking,oui,bon,1250000,https://www.ofim.mg/65046/Location-Appartement-ANTANANARIVO-TANANARIVE-a-louer-un-appartement-de-type-T2-semi-meuble-au-RDC-d-un-immeuble-fraichement-construit-sis-a-Andranomena-proche-du-centre-commercial-Leader-Price-securise-avec-acces-facile-NON-DISPONIBLE.html
Lalaina RATSIMBAZAFY,,3,interieur,voiture_avec_par_parking,FALSE,bon,1250000,https://www.ofim.mg/66527/Location-Maison-Villa-ANTANANARIVO-TANANARIVE-4-villas-F4-dans-une-petite-residence-a-Anjomakely.html
Perelle LOCK CHIOU,,1,interieur,voiture_avec_par_parking,oui,,1250000,https://www.ofim.mg/66912/Location-Appartement-ANTANANARIVO-TANANARIVE-OFIM-Immobilier-loue-un-Appartement-meuble-de-type-T2-sur-Fort-Voyron-dans-une-residence-securisee-24-24-LOUE.html
Perelle LOCK CHIOU,67.5,2,interieur,sans,FALSE,bon,1300000,https://www.ofim.mg/60568/Location-Appartement-ANTANANARIVO-TANANARIVE-OFIM-loue-des-appartements-T3-et-T4-en-centre-ville-Tsaralalana-en-bord-de-route-NON-DISPONIBLE.html
Lalaina RATSIMBAZAFY,,3,interieur,voiture_avec_par_parking,oui,,1300000,https://www.ofim.mg/69685/Location-Maison-Villa-ANTANANARIVO-TANANARIVE-Une-villa-F4-semi-meublee-a-Soavina-Tanjombato.html
Francia RAOLIJAONA,,3,interieur,voiture_avec_par_parking,oui,bon,1350000,https://www.ofim.mg/67810/Location-Appartement-ANTANANARIVO-TANANARIVE-Location-appartement-de-type-T4-completement-renove-a-Ankdikely-Ilafy-NON-DISPONIBLE.html
Proche des commerces,,1,interieur,sans,oui,neuf,1400000,https://www.ofim.mg/42796/Location-Appartement-ANTANANARIVO-TANANARIVE-A-louer-studio-a-Ambaranjana.html
Antanetibe Talatamaty,100,3,interieur,voiture_avec_par_parking,FALSE,bon,1400000,https://www.ofim.mg/59460/Location-Appartement-ANTANANARIVO-TANANARIVE-A-louer-un-appartement-de-type-T4-avec-surface-habitable-de-100-m-dans-un-batiment-bord-de-route-principale-sis-a-Antanetibe-Ivato-a-5-minutes-de-l-aeroport-NON-DISPONIBLE.html
Perelle LOCK CHIOU,,1,interieur,sans,,,1400000,https://www.ofim.mg/66821/Location-Appartement-ANTANANARIVO-TANANARIVE-OFIM-immobilier-loue-des-Studios-meubles-equipes-de-30m2-sur-Ambatonakanga.html
Ambohidratrimo,70.3,4,interieur,voiture_avec_par_parking,FALSE,bon,1500000,https://www.ofim.mg/56168/Location-Maison-Villa-ANTANANARIVO-TANANARIVE-A-louer-une-villa-basse-F5-neuve-se-trouvant-dans-un-endroit-calme-et-bien-cloture-a-Ambohidratrimo-NON-DISPONIBLE.html
"Proche des commerces, proche des écoles",,3,interieur,voiture_avec_par_parking,non,,1500000,https://www.ofim.mg/62407/Location-Appartement-ANTANANARIVO-TANANARIVE-a-louer-un-appartement-de-type-F4-bord-de-route-principale-et-a-5mn-de-l-aeroport-Ivato-NON-DISPONIBLE.html
"Proche des commerces, proche des écoles, parking",940,1,interieur,voiture_avec_par_parking,TRUE,bon,1500000,https://www.ofim.mg/62719/Location-Appartement-ANTANANARIVO-TANANARIVE-A-louer-un-appartement-neuf-meuble-T2-dans-une-residence-securisee-et-a-5-minutes-de-l-aeroport-d-Ivato.html
Talatamaty,,3,interieur,voiture_avec_par_parking,FALSE,bon,1500000,https://www.ofim.mg/64163/Location-Appartement-ANTANANARIVO-TANANARIVE-Appartements-T4-neufs-a-Talatamaty-proches-des-commodites-Occasion-a-saisir.html
Ambohijanaka,1068,3,interieur,voiture_avec_par_parking,FALSE,bon,1500000,https://www.ofim.mg/65262/Location-Maison-Villa-ANTANANARIVO-TANANARIVE-a-louer-une-maison-neuve-a-etage-de-type-traditionnel-dans-une-residence-cloturee-avec-3-chambres-sis-a-Ambohijanaka-non-loin-de-l-ecole-Peter-Pan-et-by-pass-NON-DISPONIBLE.html
Francia RAOLIJAONA,,2,interieur,voiture_avec_par_parking,FALSE,,1500000,https://www.ofim.mg/69598/Location-Appartement-ANTANANARIVO-TANANARIVE-Appartement-T3-en-location-avec-garage-pour-3-voitures-a-Ankadifotsy-LOUE.html
Felana RAKOTONDRAVOAVY,,1,interieur,sans,FALSE,,1500000,https://www.ofim.mg/69636/Location-Appartement-ANTANANARIVO-TANANARIVE-A-louer-appartement-T2-avec-piscine-a-10-min-d-Ambatobe-sur-Manazary-Ilafy-Antananarivo.html
Ambohimahintsy Ambohimangakely,1278,3,interieur,voiture_avec_par_parking,oui,bon,1500000,https://www.ofim.mg/69931/Location-Maison-Villa-ANTANANARIVO-TANANARIVE-a-louer-une-maison-a-etage-neuve-de-type-F4-dans-un-quartier-residentiel-d-Ambohimahintsy-Ambohimangakely-avec-acces-facile-a-tout-type-de-vehicules.html
Amboropotsy Talatamaty,1275,2,interieur,voiture_avec_par_parking,FALSE,neuf,1500000,https://www.ofim.mg/69986/Location-Appartement-ANTANANARIVO-TANANARIVE-a-louer-un-appartement-neuf-jamais-habiter-de-type-T3-dans-un-quartier-residentiel-non-loin-de-l-ecole-anglophone-Vision-Valley-et-la-nouvelle-rocade-d-Andranotapahana-sise-a-Amboropotsy-Talatamaty.html
Felan RAKOTONDRAVOAVY,,3,interieur,voiture_avec_par_parking,FALSE,moyen,1500000,https://www.ofim.mg/70062/Location-Appartement-ANTANANARIVO-TANANARIVE-A-louer-un-appartement-T4-avec-belle-vue-sur-Ambatonakanga-Antananarivo.html
Ampefiloha,1302,2,interieur,voiture_avec_par_parking,non,bon,1500000,https://www.ofim.mg/70381/Location-Appartement-ANTANANARIVO-TANANARIVE-A-louer-un-appartement-de-type-T3-a-usage-mixte-au-1ere-etage-bord-de-route-avec-parking-sise-a-Ampefiloha.html
Lalaina RATSIMBAZAFY,91,4,interieur,voiture_avec_par_parking,FALSE,moyen,1500000,https://www.ofim.mg/70906/Location-Maison-Villa-ANTANANARIVO-TANANARIVE-Une-maison-F6-a-Ankatso.html
Felana RAKOTONDRAVOAVY,,1,interieur,voiture_avec_par_parking,,,1600000,https://www.ofim.mg/69880/Location-Appartement-ANTANANARIVO-TANANARIVE-A-louer-un-appartement-T2-a-RDC-sur-Tsaraonenana-Antananarivo.html
Talatamaty,,3,interieur,voiture_avec_par_parking,FALSE,bon,1600000,https://www.ofim.mg/70187/Location-Appartement-ANTANANARIVO-TANANARIVE-a-louer-un-appartement-de-type-T4-au-1er-etage-sis-a-Talatamaty-pres-de-l-ecole-Childhood-et-Claire-Fontaine.html
Lova RANDRIAMAMPIANINA,1316,4,interieur,voiture_avec_par_parking,FALSE,bon,1600000,https://www.ofim.mg/70555/Location-Maison-Villa-ANTANANARIVO-TANANARIVE-location-villa-F5-a-antanetibe-ivato-NON-DISPONIBLE.html
Lalaina RATSIMBAZAFY,,3,interieur,voiture_avec_par_parking,FALSE,moyen,1600000,https://www.ofim.mg/70752/Location-Appartement-ANTANANARIVO-TANANARIVE-Un-appartement-T4-a-Analamahitsy.html
Lalaina RATSIMBAZAFY,,3,interieur,voiture_avec_par_parking,FALSE,,1600000,https://www.ofim.mg/70753/Location-Maison-Villa-ANTANANARIVO-TANANARIVE-Une-villa-F4-avec-vue-a-Ambatomirahavavy.html
Perelle LOCK CHIOU,64,2,interieur,voiture_avec_par_parking,non,bon,1700000,https://www.ofim.mg/62349/Location-Appartement-ANTANANARIVO-TANANARIVE-A-Ampefiloha-OFIM-immobilier-offre-en-location-deux-appartements-neufs-T3-de-64m2-en-moins-de-5min-d-Analakely-DISPONIBLE.html
Lalaina RATSIMBAZAFY,,3,interieur,voiture_avec_par_parking,FALSE,,1700000,https://www.ofim.mg/70902/Location-Maison-Villa-ANTANANARIVO-TANANARIVE-Une-maison-F4-a-Amboditsiry.html
Perelle LOCK CHIOU,0,2,interieur,voiture_avec_par_parking,FALSE,moyen,1750000,https://www.ofim.mg/64961/Location-Maison-Villa-ANTANANARIVO-TANANARIVE-OFIM-Immobilier-loue-une-coquette-petite-villa-F3-securisee-7-7-sise-a-Amboanjobe-Iavoloha-BIEN-LOUE.html
Ankazomanga,,2,interieur,sans,oui,,1750000,https://www.ofim.mg/69954/Location-Appartement-ANTANANARIVO-TANANARIVE-Un-appartement-T3-semi-meuble-a-Ankazomanga.html
Mandrosoa Ivato,,3,interieur,voiture_avec_par_parking,FALSE,bon,1800000,https://www.ofim.mg/53935/Location-Appartement-ANTANANARIVO-TANANARIVE-A-louer-un-joli-appartement-T4-dans-une-residence-bien-securisee-a-Mandrosoa-Ivato.html
Jacky RASOLOARIVONY,1046,4,interieur,voiture_avec_par_parking,non,bon,1800000,https://www.ofim.mg/64934/Location-Appartement-ANTANANARIVO-TANANARIVE-a-louer-un-appartement-de-type-T5-dans-un-immeuble-fraichement-construit-a-proximite-de-toutes-les-commodites-centre-commercial-ecoles-marche-et-transport-en-commun-a-10mn-de-l-aeroport-Ivato-NON-DISPONIBLE.html
Perelle LOCK CHIOU,,3,interieur,voiture_avec_par_parking,FALSE,moyen,1800000,https://www.ofim.mg/65299/Location-Maison-Villa-ANTANANARIVO-TANANARIVE-OFIM-loue-une-charmante-petite-villa-F4-sur-Ambohidratrimo-dans-un-quartier-residentiel-a-3min-de-la-route-principale-LOUE.html
Ambohidratrimo,1252,3,interieur,voiture_avec_par_parking,FALSE,bon,1800000,https://www.ofim.mg/69376/Location-Maison-Villa-ANTANANARIVO-TANANARIVE-Villa-F4-a-loue-a-ambohidratrimo.html
Perelle LOCK CHIOU,,3,interieur,voiture_avec_par_parking,FALSE,,2000000,https://www.ofim.mg/60922/Location-Appartement-ANTANANARIVO-TANANARIVE-OFIM-met-a-la-location-un-spacieux-appartement-T4-qui-a-une-surface-de-120m2-a-Ambohimiandra-dans-une-enceinte-calme-et-securisee-au-bord-de-route-NON-DISPONIBLE.html
Perelle LOCK CHIOU,,2,interieur,voiture_avec_par_parking,FALSE,bon,2000000,https://www.ofim.mg/62230/Location-Appartement-ANTANANARIVO-TANANARIVE-OFIM-Immobilier-offre-en-location-des-appartements-de-125m2-et-140m2-neufs-T3-meubles-et-Wifi-inclus-a-Ambolokandrina.html
calme,,3,interieur,voiture_avec_par_parking,FALSE,bon,2000000,https://www.ofim.mg/63610/Location-Appartement-ANTANANARIVO-TANANARIVE-A-louer-des-appartements-T4-dans-une-residence-securisee-a-IMERINAFOVOANY.html
Faralaza Talatamaty,985,2,interieur,sans,oui,bon,2000000,https://www.ofim.mg/63762/Location-Appartement-ANTANANARIVO-TANANARIVE-a-louer-un-appartement-meuble-de-standing-type-T3-au-rez-de-chaussee-d-un-batiment-de-R-1-dans-un-quartier-reposant-et-non-loin-de-l-ecole-primaire-Claire-Fontaine-sis-a-Faralaza-Talatamaty.html
Ankadivory Talatamaty,,2,interieur,sans,oui,,2000000,https://www.ofim.mg/63765/Location-Appartement-ANTANANARIVO-TANANARIVE-a-louer-un-appartement-meuble-de-standing-type-T3-dans-un-quartier-reposant-sis-a-Ankadivory-Talatamaty-non-loin-de-l-ecole-primaire-Claire-Fontaine-et-centre-commercial.html
Perelle LOCK CHIOU,90,4,interieur,voiture_avec_par_parking,FALSE,bon,2000000,https://www.ofim.mg/64999/Location-Maison-Villa-ANTANANARIVO-TANANARIVE-OFIM-immobilier-offre-en-location-deux-villas-disponible-de-suite-dans-une-petite-residence-securisees-24-24-sise-a-Itaosy-a-4min-a-partir-de-la-Galana-Andranonahoatra-DISPONIBLE.html
Perelle LOCK CHIOU,60,1,interieur,voiture_avec_par_parking,FALSE,bon,2000000,https://www.ofim.mg/65611/Location-Appartement-ANTANANARIVO-TANANARIVE-OFIM-immobilier-offre-en-location-deux-appartements-T2-non-meuble-ou-meuble-selon-besoin-au-1e-et-2e-etage-sur-la-haute-ville-pres-du-palais-de-la-reine-DISPONIBLE.html
Francia RAOLIJAONA,76,1,interieur,voiture_avec_par_parking,oui,bon,2000000,https://www.ofim.mg/67378/Location-Appartement-ANTANANARIVO-TANANARIVE-Location-d-appartements-T2-neufs-de-standing-dote-d-une-vue-exceptionnelle-a-7mn-du-centre-ville-sur-la-haute-ville-d-Ambohipotsy-DISPONIBLE.html
Ambohijanahary Ambohibao,,1,interieur,voiture_avec_par_parking,TRUE,,2000000,https://www.ofim.mg/68820/Location-Maison-Villa-ANTANANARIVO-TANANARIVE-En-location-une-belle-maison-avec-mezzanine-entierement-meublee-et-equipee-dans-un-cadre-verdoyant-calme-et-securise-sis-a-Ambohijanahary-Ambohibao-NON-DISPONIBLE.html
"Ambodisahy, Ambohidratrimo",1265,1,interieur,sans,FALSE,bon,2000000,https://www.ofim.mg/69576/Location-Appartement-ANTANANARIVO-TANANARIVE-A-louer-Appartement-T2-meuble-a-Ambodisahy-Ambohidratrimo-avec-piscine.html
Iavoloha Ambohijanaka,,4,interieur,voiture_avec_par_parking,FALSE,neuf,2000000,https://www.ofim.mg/69614/Location-Maison-Villa-ANTANANARIVO-TANANARIVE-a-louer-une-villa-neuve-a-etage-de-type-F5-ideal-pour-les-personnes-qui-aiment-le-calme-et-l-air-pure-avec-vue-degagee-sur-des-montagnes-sise-a-Iavoloha-Ambohijanaka-NON-DISPONIBLE.html
Felana RAKOTONDRAVOAVY,,2,interieur,sans,FALSE,,2000000,https://www.ofim.mg/69635/Location-Appartement-ANTANANARIVO-TANANARIVE-En-location-en-plein-centre-ville-un-appartement-T4-au-rez-de-chaussee-a-Ankadivato-Antananarivo.html
Jacky RASOLOARIVONY,,2,interieur,voiture_avec_par_parking,FALSE,,2000000,https://www.ofim.mg/69696/Location-Appartement-ANTANANARIVO-TANANARIVE-a-louer-un-appartement-neuf-de-type-T3-dans-un-quartier-calme-residentiel-et-securise-de-Ilaivola-a-proximite-de-toutes-les-commodites-et-non-loin-de-l-aeroport-international-Ivato.html
Lalaina RATSIMBAZAFY,,3,interieur,voiture_avec_par_parking,FALSE,,2000000,https://www.ofim.mg/69726/Location-Maison-Villa-ANTANANARIVO-TANANARIVE-Une-villa-F4-dans-une-petite-residence-a-Iavoloha.html
RANDRIAMAMPIANINA,1296,4,exterieur,voiture_avec_par_parking,FALSE,bon,2000000,https://www.ofim.mg/70209/Location-Maison-Villa-ANTANANARIVO-TANANARIVE-a-LOUER-Maison-Plain-Pied-F5-avec-Grand-Terrain-Arbore-NON-DISPONIBLE.html
Antsakaviro,0,2,interieur,voiture_avec_par_parking,FALSE,bon,2000000,https://www.ofim.mg/70426/Location-Appartement-ANTANANARIVO-TANANARIVE-Un-appartement-T3-a-10mn-du-centre-ville-a-Antsakaviro.html
Lalaina RATSIMBAZAFY,,4,interieur,voiture_avec_par_parking,FALSE,,2000000,https://www.ofim.mg/70481/Location-Maison-Villa-ANTANANARIVO-TANANARIVE-Une-maison-F5-a-etage-sur-By-pass-Manandona.html
Perelle LOCK CHIOU,,3,interieur,voiture_avec_par_parking,FALSE,bon,2000000,https://www.ofim.mg/70500/Location-Maison-Villa-ANTANANARIVO-TANANARIVE-OFIM-immobilier-propose-a-la-location-une-villa-de-type-F4-situee-a-Ambohimangakely-a-proximite-de-la-sortie-de-la-RN2.html
Lova RANDRIAMAMPIANINA,1312,4,interieur,voiture_avec_par_parking,FALSE,bon,2000000,https://www.ofim.mg/70534/Location-Maison-Villa-ANTANANARIVO-TANANARIVE-A-louer-Villa-neuve-F5-a-anosiala.html
Lalaina RATSIMBAZAFY,,3,interieur,voiture_avec_par_parking,oui,,2000000,https://www.ofim.mg/70632/Location-Appartement-ANTANANARIVO-TANANARIVE-Un-appartement-T4-meuble-dans-une-residence-securisee-sur-By-pass.html
Lova RANDRIAMAMPIANINA,1319,3,interieur,voiture_avec_par_parking,FALSE,bon,2000000,https://www.ofim.mg/70713/Location-Maison-Villa-ANTANANARIVO-TANANARIVE-A-louer-villa-F4-semi-meublee-a-Ambohibao.html
Felana RAKOTONDRAVOAVY,,3,interieur,voiture_avec_par_parking,FALSE,,2000000,https://www.ofim.mg/70727/Location-Appartement-ANTANANARIVO-TANANARIVE-A-louer-un-appartement-T4-sur-Amboditsiry-Antananarivo.html
Felana RAKOTONDRAVOAVY,,2,interieur,sans,FALSE,,2000000,https://www.ofim.mg/70876/Location-Appartement-ANTANANARIVO-TANANARIVE-A-louer-un-appartement-T3-en-bord-de-route-principale-sur-Ampandrana-Antananarivo.html
Francia RAOLIJAONA,,4,interieur,voiture_avec_par_parking,FALSE,,2000000,https://www.ofim.mg/70972/Location-Maison-Villa-ANTANANARIVO-TANANARIVE-A-LOUER-Maison-F5-a-Mahalavolona-Andoharanofotsy.html
Perelle LOCK CHIOU,,2,interieur,sans,oui,moyen,2200000,https://www.ofim.mg/66905/Location-Appartement-ANTANANARIVO-TANANARIVE-OFIM-Immobilier-offre-en-location-un-appartement-de-Type-T3-sur-Tsimbazaza-dans-une-enceinte-securisee-24-24-LOUE.html
Lalaina RATSIMBAZAFY,25000,1,interieur,voiture_avec_par_parking,TRUE,bon,2200000,https://www.ofim.mg/68363/Location-Maison-Villa-ANTANANARIVO-TANANARIVE-Une-villa-F2-a-Ambohimangakely.html
Perelle LOCK CHIOU,,4,interieur,voiture_avec_par_parking,FALSE,,2200000,https://www.ofim.mg/68939/Location-Maison-Villa-ANTANANARIVO-TANANARIVE-OFIM-Immobilier-loue-une-maison-F5-a-etage-avec-un-coin-jardin-sur-Soavimasoandro-Tsarasaotra-NON-DISPONIBLE.html
proche de l'aéroport et des commodités,1276,4,interieur,voiture_avec_par_parking,FALSE,bon,2200000,https://www.ofim.mg/69766/Location-Maison-Villa-ANTANANARIVO-TANANARIVE-A-louer-une-maison-traditionnelle-de-type-F5-situe-dans-un-quartier-calme-et-securise-non-loin-de-l-aeroport-et-la-nouvelle-rocade-d-Andranotapahana-sise-a-Amboropotsy-Talatamaty-NON-DISPONIBLE.html
Mahazoarivo,,2,interieur,voiture_avec_par_parking,oui,,2200000,https://www.ofim.mg/70503/Location-Appartement-ANTANANARIVO-TANANARIVE-Un-appartement-T3-meuble-et-securise-a-Fenomanana-Mahazoarivo.html
Ambohijatovo ambony,126,2,interieur,voiture_avec_par_parking,FALSE,bon,2200000,https://www.ofim.mg/70979/Location-Appartement-ANTANANARIVO-TANANARIVE-A-louer-grand-Appartement-T3-de-126M2-a-ambohijatovo-ambony-centre-ville.html
Francia RAOLIJAONA,,2,interieur,voiture_avec_par_parking,oui,,2250000,https://www.ofim.mg/69007/Location-Appartement-ANTANANARIVO-TANANARIVE-Appartement-T3-entierement-meuble-et-equipe-en-location-a-5mn-a-pieds-du-lycee-Francais-sur-Ambatobe-NON-DISPONIBLE.html
Perelle LOCK CHIOU,90,4,interieur,voiture_avec_par_parking,FALSE,moyen,2300000,https://www.ofim.mg/70181/Location-Maison-Villa-ANTANANARIVO-TANANARIVE-OFIM-Immobilier-loue-une-maison-F5-avec-Studio-independant-a-50m-de-la-route-principale-sur-Ambatomitsangana-Ankadifotsy-a-usage-commercial-professionnel-ou-habitation-NON-DISPONIBLE.html
Jacky RASOLOARIVONY,916,3,interieur,voiture_avec_par_parking,FALSE,bon,2400000,https://www.ofim.mg/62056/Location-Maison-Villa-ANTANANARIVO-TANANARIVE-A-louer-une-jolie-villa-basse-F4-dans-une-residence-securisee-proche-de-Shoprite-a-Talatamaty-NON-DISPONIBLE.html
Perelle LOCK CHIOU,,2,interieur,sans,TRUE,bon,2400000,https://www.ofim.mg/65181/Location-Appartement-ANTANANARIVO-TANANARIVE-OFIM-offre-en-location-un-appartement-T3-meuble-spacieux-et-lumineux-sis-a-Analamahitsy-Ambatobe-DISPONIBLE.html
Perelle LOCK CHIOU,,2,interieur,voiture_avec_par_parking,FALSE,,2400000,https://www.ofim.mg/65686/Location-Maison-Villa-ANTANANARIVO-TANANARIVE-OFIM-Immobilier-offre-en-location-une-villa-F3-neuve-et-moderne-sur-Ankaraobato-Tanjombato.html
Ilaivola Ivato,,3,interieur,voiture_avec_par_parking,FALSE,,2700000,https://www.ofim.mg/53549/Location-Maison-Villa-ANTANANARIVO-TANANARIVE-A-louer-une-tres-belle-villa-de-type-F4-dans-un-quartier-residentiel-a-Ilaivola-Ivato-NON-DISPONIBLE.html
Jacky RASOLOARIVONY,73.7,1,interieur,voiture_avec_par_parking,oui,bon,2500000,https://www.ofim.mg/56913/Location-Appartement-ANTANANARIVO-TANANARIVE-A-saisir-3-appartements-meubles-en-duplex-fraichement-construites-en-location-dans-une-residence-bien-securisee-bord-du-lac-sis-a-Ambohibao-a-3-mn-de-l-ecole-primaire-francaise-C.html
Ambohijanahary Ambohibao,1000,3,interieur,voiture_avec_par_parking,FALSE,bon,2500000,https://www.ofim.mg/63014/Location-Maison-Villa-ANTANANARIVO-TANANARIVE-a-louer-une-jolie-villa-basse-de-type-F4-dans-un-quartier-residentiel-avec-acces-facile-bord-de-route-principale-non-loin-de-l-ecole-francaise-primaire-C-et-a-10-minutes-de-l-aeroport-sis-a-Ambohijanahary-Ambohibao-NON-DISPONIBLE.html
ANTANANARIVO (TANANARIVE),972,3,interieur,voiture_avec_par_parking,non,bon,2500000,https://www.ofim.mg/64095/Location-Appartement-ANTANANARIVO-TANANARIVE-LOCATION-APPARTEMENT-T4-NEUF-a-TALATAMATY-AVEC-UNE-VUE-MAGNIFIQUE-ET-PISCINE.html
Perelle LOCK CHIOU,,2,interieur,voiture_avec_par_parking,FALSE,,2500000,https://www.ofim.mg/64131/Location-Appartement-ANTANANARIVO-TANANARIVE-OFIM-met-en-location-un-appartement-T3-meuble-equipee-sis-a-Analamahitsy-LOUE.html
ANTANANARIVO,972,2,interieur,voiture_avec_par_parking,FALSE,bon,2500000,https://www.ofim.mg/64584/Location-Appartement-ANTANANARIVO-TANANARIVE-A-louer-un-appartement-de-type-T3-a-usage-mixte-au-rez-de-chausse-d-un-immeuble-de-standing-avec-piscine-sis-a-Imerinafovoany-Talatamaty.html
Talatamaty,1047,2,interieur,voiture_avec_par_parking,oui,bon,2500000,https://www.ofim.mg/64908/Location-Appartement-ANTANANARIVO-TANANARIVE-a-louer-un-bel-appartement-entierement-meuble-et-equipe-de-type-T3-dans-un-quartier-calme-non-loin-du-centre-commercial-Shopprite-sis-a-Ambohinambo-Talatamaty-NON-DISPONIBLE.html
Perelle LOCK CHIOU,,2,interieur,voiture_avec_par_parking,FALSE,,2500000,https://www.ofim.mg/66198/Location-Appartement-ANTANANARIVO-TANANARIVE-OFIM-immobilier-loue-un-appartement-T3-au-RDC-sur-Androhibe-un-quartier-calme-et-residentiel-LOUE.html
Perelle LOCK CHIOU,,1,exterieur,voiture_avec_par_parking,oui,,2500000,https://www.ofim.mg/66314/Location-Appartement-ANTANANARIVO-TANANARIVE-OFIM-Immobilier-loue-un-petit-appartement-T2-en-duplex-meuble-equipe-sur-Ivato-avec-piscine-privative-salle-de-sport-dans-une-residence-securisee-24-24-DISPONIBLE.html
Lalaina RATSIMBAZAFY,,2,interieur,voiture_avec_par_parking,oui,,2500000,https://www.ofim.mg/68014/Location-Appartement-ANTANANARIVO-TANANARIVE-Un-appartement-T3-semi-meuble-securise-a-Fort-Voyron.html
Perelle LOCK CHIOU,399,4,interieur,voiture_avec_par_parking,FALSE,bon,2500000,https://www.ofim.mg/68485/Location-Appartement-ANTANANARIVO-TANANARIVE-OFIM-immobilier-vous-offre-en-location-un-Appartement-T6-de-150m2-sur-Ankerana-qui-est-a-5min-D-ankorondrano-DISPONIBLE.html
Tanjondava Talatamaty,,3,interieur,voiture_avec_par_parking,FALSE,,2500000,https://www.ofim.mg/69161/Location-Maison-Villa-ANTANANARIVO-TANANARIVE-a-louer-une-villa-a-etage-style-cubique-de-standing-pre-fibree-type-F4-non-loin-de-l-ecole-Vision-Valley-et-Claire-Fontaine-dans-un-quartier-calme-de-Tanjondava-Talatamaty-NON-DISPONIBLE.html
Perelle LOCK CHIOU,,3,interieur,voiture_avec_par_parking,FALSE,,2500000,https://www.ofim.mg/69419/Location-Maison-Villa-ANTANANARIVO-TANANARIVE-OFIM-Immobilier-loue-une-Maison-F4-plain-pieds-coin-jardin-arbore-sur-Analamahitsy-a-environ-3min-de-la-route-principale-NON-DISPONIBLE.html
Perelle LOCK CHIOU,,4,interieur,voiture_avec_par_parking,oui,bon,2500000,https://www.ofim.mg/69516/Location-Maison-Villa-ANTANANARIVO-TANANARIVE-OFIM-immobilier-offre-en-location-une-F5-sur-Andohanimandroseza-qui-est-a-environ-20min-du-centre-ville-et-a-3min-de-la-route-principale-BIEN-NON-DISPONIBLE.html
Tanjondava Talatamaty,,1,interieur,sans,oui,,2500000,https://www.ofim.mg/69547/Location-Appartement-ANTANANARIVO-TANANARIVE-a-louer-un-appartement-meuble-de-standing-type-T2-avec-piscine-dans-un-endroit-calme-et-securise-non-loin-de-l-aeroport-ecoles-Vision-Valley-et-Claire-Fontaine-sis-a-Tanjondava-Talatamaty.html
Felana RAKOTONDRAVOAVY,,6,interieur,voiture_avec_par_parking,FALSE,,2500000,https://www.ofim.mg/69626/Location-Maison-Villa-ANTANANARIVO-TANANARIVE-A-louer-une-grande-villa-F7-dans-le-quartier-residentiel-d-Avarabohitra-Itaosy-Antananarivo.html
Talatamaty Ambonilaoka,4000,4,interieur,voiture_avec_par_parking,FALSE,bon,2500000,https://www.ofim.mg/69698/Location-Maison-Villa-ANTANANARIVO-TANANARIVE-En-location-une-villa-a-etage-renovee-de-type-F5-dans-un-quartier-calme-et-residentiel-non-loin-de-l-ecole-anglophone-Vision-Valley-et-a-10-minutes-de-l-aeroport-sise-a-Talatamaty-Ambonilaoka-avec-acces-direct-sur-la-nouvelle-rocade-d-Andranotapahina.html
Lova RANDRIAMAMPIANINA,1262,3,interieur,voiture_avec_par_parking,FALSE,bon,2500000,https://www.ofim.mg/69734/Location-Maison-Villa-ANTANANARIVO-TANANARIVE-a-louer-villa-F4-sur-ambohinambo-talatamaty-NON-DISPONIBLE.html
Ambohimitsimbina,,1,interieur,voiture_avec_par_parking,oui,,2500000,https://www.ofim.mg/69742/Location-Appartement-ANTANANARIVO-TANANARIVE-Un-appartement-T2-meuble-sur-la-haute-ville-a-Ambohimitsimbina.html
Andakana Anosiala,1286,4,interieur,voiture_avec_par_parking,FALSE,moyen,2500000,https://www.ofim.mg/69981/Location-Maison-Villa-ANTANANARIVO-TANANARIVE-a-louer-une-maison-a-etage-de-type-F5-pour-usage-mixte-bord-de-route-nationale-4-sur-Andakana-Anosiala.html
Felanana RAKOTONDRAVOAVY,,3,interieur,sans,TRUE,,2500000,https://www.ofim.mg/70026/Location-Appartement-ANTANANARIVO-TANANARIVE-A-louer-un-appartement-T4-avec-terrasse-a-Alarobia-Antananarivo.html
Francia RAOLIJAONA,,2,interieur,voiture_avec_par_parking,non,,2500000,https://www.ofim.mg/70288/Location-Maison-Villa-ANTANANARIVO-TANANARIVE-location-d-une-charmante-villa-F3-neuve-meublee-et-equipee-a-Ilafy.html
Amparibe,,2,interieur,voiture_avec_par_parking,oui,,2500000,https://www.ofim.mg/70359/Location-Appartement-ANTANANARIVO-TANANARIVE-Un-appartement-T3-semi-meuble-a-Amparibe.html
Perelle LOCK CHIOU,,5,interieur,voiture_avec_par_parking,non,moyen,2500000,https://www.ofim.mg/70524/Location-Maison-Villa-ANTANANARIVO-TANANARIVE-OFIM-Immobilier-loue-une-Villa-F7-sur-Ambohitrarahaba-pour-usage-habitation-ou-bureau-NON-DISPONIBLE.html
Francia RAOLIJAONA,,2,interieur,voiture_avec_par_parking,oui,,2500000,https://www.ofim.mg/70525/Location-Appartement-ANTANANARIVO-TANANARIVE-bel-appartement-T3-avec-vue-a-Andrainarivo.html
Ivandry,,1,interieur,sans,oui,,2500000,https://www.ofim.mg/70566/Location-Appartement-ANTANANARIVO-TANANARIVE-Un-appartement-T2-meuble-a-Ivandry.html
Mandrosoa Ivato,,1,interieur,voiture_avec_par_parking,oui,,2500000,https://www.ofim.mg/70654/Location-Appartement-ANTANANARIVO-TANANARIVE-2-appartements-T2-meubles-a-Mandrosoa-Ivato.html
Perelle LOCK CHIOU,,2,exterieur,voiture_avec_par_parking,oui,,2500000,https://www.ofim.mg/70714/Location-Appartement-ANTANANARIVO-TANANARIVE-OFIM-Immobilier-offre-en-location-un-appartement-T4-en-triplex-avec-une-surface-de-40m2-par-niveau-sur-Ivandry.html
Ankadifotsy,,2,interieur,voiture_avec_par_parking,oui,,2500000,https://www.ofim.mg/70977/Location-Appartement-ANTANANARIVO-TANANARIVE-Un-appartement-T3-meuble-securise-a-Ankadifotsy.html
Proche des commerces,93.9,3,interieur,voiture_avec_par_parking,FALSE,neuf,2600000,https://www.ofim.mg/62745/Location-Appartement-ANTANANARIVO-TANANARIVE-A-louer-un-appartement-neuf-T4-avec-piscine-chauffee-dans-une-residence-securisee-proche-de-shoprite-a-Talatamaty.html
Lalaina RATSIMBAZAFY,261,1,interieur,voiture_avec_par_parking,oui,bon,2600000,https://www.ofim.mg/68361/Location-Maison-Villa-ANTANANARIVO-TANANARIVE-Une-petite-villa-T2-avec-mezzanine-a-Ambohimangakely.html
Perelle LOCK CHIOU,,4,interieur,voiture_avec_par_parking,FALSE,,2600000,https://www.ofim.mg/69773/Location-Appartement-ANTANANARIVO-TANANARIVE-OFIM-Immobilier-offre-en-location-un-appartement-T5-entierement-meuble-sur-Ankerana-NON-DISPONIBLE.html
Ambatobe,,2,interieur,voiture_avec_par_parking,,,560,https://www.ofim.mg/69080/Location-Appartement-ANTANANARIVO-TANANARIVE-OFIM-loue-un-appartement-T3-entierement-meuble-et-equipe-sur-Ambatobe-a-5min-du-lycee-NON-DISPONIBLE.html
Francia RAOLIJAONA,65,1,interieur,voiture_avec_par_parking,non,bon,2700000,https://www.ofim.mg/68859/Location-Appartement-ANTANANARIVO-TANANARIVE-location-d-un-appartement-de-type-Type-T2-meuble-dans-une-residence-securisee-en-plein-centre-d-Ivandry-LOUE.html
Perelle LOCK CHIOU,,3,interieur,voiture_avec_par_parking,TRUE,,2750000,https://www.ofim.mg/70470/Location-Appartement-ANTANANARIVO-TANANARIVE-OFIM-Immobilier-loue-un-appartement-T4-au-lotissement-bonnet-Ivandry.html
Perelle LOCK CHIOU,,1,interieur,voiture_avec_par_parking,FALSE,bon,2800000,https://www.ofim.mg/62490/Location-Appartement-ANTANANARIVO-TANANARIVE-OFIM-met-en-location-deux-appartements-T2-entierement-meubles-et-equipes-avec-wifi-securise-24-24-et-piscine-incluses-a-Ivato-DISPONIBLE.html
Lalaina RATSIMBAZAFY,,2,interieur,voiture_avec_par_parking,oui,,2800000,https://www.ofim.mg/69965/Location-Appartement-ANTANANARIVO-TANANARIVE-Un-appartement-T3-securise-sur-la-haute-ville-a-Ambohipotsy.html
Perelle LOCK CHIOU,510,5,interieur,voiture_avec_par_parking,FALSE,bon,3000000,https://www.ofim.mg/62632/Location-Maison-Villa-ANTANANARIVO-TANANARIVE-OFIM-offre-en-location-une-moderne-villa-F6-avec-grand-parking-pour-4-voitures-et-un-coins-jardin-a-Ambohibao-Antehiroka-LOUE.html
Perelle LOCK CHIOU,,3,exterieur,voiture_avec_par_parking,FALSE,bon,3000000,https://www.ofim.mg/64261/Location-Maison-Villa-ANTANANARIVO-TANANARIVE-Villa-a-etage-F4-neuve-sis-a-Ankerana-disponible-de-suite-chez-OFIM-Immobilier-LOUE.html
Perelle LOCK CHIOU,,3,interieur,voiture_avec_par_parking,FALSE,,3000000,https://www.ofim.mg/64275/Location-Maison-Villa-ANTANANARIVO-TANANARIVE-OFIM-immobilier-offre-une-villa-a-etage-F5-sise-a-Tsimbazaza-a-usage-bureau-ou-habitation-LOUE.html
Perelle LOCK CHIOU,400,3,interieur,voiture_avec_par_parking,FALSE,bon,3000000,https://www.ofim.mg/64302/Location-Maison-Villa-ANTANANARIVO-TANANARIVE-OFIM-immobilier-offre-en-location-deux-Villas-neuves-a-etage-F4-sis-a-Androhibe-qui-est-a-moins-de-5min-d-Ivandry.html
Francia RAOLIJAONA,,4,interieur,voiture_avec_par_parking,FALSE,,3000000,https://www.ofim.mg/66731/Location-Maison-Villa-ANTANANARIVO-TANANARIVE-Location-d-une-maison-F4-et-un-appartement-T2-independant-dans-un-quartier-calme-a-andoharanofotsy-LOUE.html
Mahatony,,2,interieur,voiture_avec_par_parking,oui,bon,3000000,https://www.ofim.mg/68359/Location-Maison-Villa-ANTANANARIVO-TANANARIVE-OFIM-Immobilier-loue-une-charmante-petite-villa-de-deux-chambres-et-un-living-sur-Mahatony-Ivandry-avec-un-beau-jardin-DISPONIBLE.html
Perelle LOCK CHIOU,,3,interieur,voiture_avec_par_parking,,,3000000,https://www.ofim.mg/68571/Location-Appartement-ANTANANARIVO-TANANARIVE-OFIM-Immobilier-loue-un-appartement-T4-meuble-equipe-sur-Ambohitrarahaba-Androhibe-dans-un-quartier-calme-LOUE.html
Perelle LOCK CHIOU,,3,interieur,voiture_avec_par_parking,FALSE,,3000000,https://www.ofim.mg/69425/Location-Maison-Villa-ANTANANARIVO-TANANARIVE-OFIM-Immobilier-loue-une-villa-a-etage-F4-sur-Analamahitsy-dans-un-quartier-calme-a-5min-du-Lycee-Ambatobe-et-5min-d-Ankorondrano-NON-DISPONIBLE.html
Lalaina RATSIMBAZAFY,,3,interieur,voiture_avec_par_parking,FALSE,,3000000,https://www.ofim.mg/69596/Location-Maison-Villa-ANTANANARIVO-TANANARIVE-Une-maison-F4-avec-grande-cour-a-louer-a-Mandrosoa-Ivato.html
Lalaina RATSIMBAZAFY,3050,5,interieur,voiture_avec_par_parking,oui,bon,3000000,https://www.ofim.mg/69806/Location-Maison-Villa-ANTANANARIVO-TANANARIVE-Une-villa-F6-a-etage-a-Ambatobe.html
Lalaina RATSIMBAZAFY,,3,interieur,voiture_avec_par_parking,oui,,3000000,https://www.ofim.mg/69936/Location-Maison-Villa-ANTANANARIVO-TANANARIVE-Une-villa-F4-meublee-a-Ambohipanja-Ankadikely-Ilafy.html
Amparibe,,2,interieur,voiture_avec_par_parking,TRUE,,3000000,https://www.ofim.mg/70013/Location-Appartement-ANTANANARIVO-TANANARIVE-Un-appartement-T3-meuble-a-Amparibe.html
Ambohibao,1294,5,interieur,voiture_avec_par_parking,FALSE,bon,3000000,https://www.ofim.mg/70142/Location-Maison-Villa-ANTANANARIVO-TANANARIVE-a-louer-une-villa-non-meublee-a-etage-de-type-F6-avec-piscine-non-loin-de-l-aeroport-et-l-ecole-primaire-francaise-C-a-Ambohibao-NON-DISPONIBLE.html
Anjohy,,3,interieur,voiture_avec_par_parking,oui,,3000000,https://www.ofim.mg/70511/Location-Appartement-ANTANANARIVO-TANANARIVE-Un-appartement-T4-en-duplex-a-Anjohy.html
Ambaranjana,,2,interieur,voiture_avec_par_parking,FALSE,,3000000,https://www.ofim.mg/70826/Location-Appartement-ANTANANARIVO-TANANARIVE-Un-appartement-T3-securise-a-Cite-Planton.html
Ivandry,,2,interieur,voiture_avec_par_parking,non,,3000000,https://www.ofim.mg/70837/Location-Appartement-ANTANANARIVO-TANANARIVE-Un-appartement-T3-securise-a-Ivandry.html
Lalaina RATSIMBAZAFY,,3,interieur,voiture_avec_par_parking,oui,bon,3000000,https://www.ofim.mg/70866/Location-Maison-Villa-ANTANANARIVO-TANANARIVE-Une-villa-F4-meublee-a-Ilafy-Antsapandrano.html
Francia RAOLIJAONA,,6,interieur,voiture_avec_par_parking,FALSE,,3000000,https://www.ofim.mg/70903/Location-Maison-Villa-ANTANANARIVO-TANANARIVE-a-louer-Maison-F7-a-Ambohitrarahaba.html
Lalaina RATSIMBAZAFY,,2,interieur,voiture_avec_par_parking,FALSE,,3000000,https://www.ofim.mg/70950/Location-Appartement-ANTANANARIVO-TANANARIVE-Un-appartement-T3-environ-90m2-securise-a-Tsaralalana.html
Perelle LOCK CHIOU,90,2,interieur,voiture_avec_par_parking,oui,bon,750,https://www.ofim.mg/59506/Location-Appartement-ANTANANARIVO-TANANARIVE-6-appartements-T3-et-un-T6-disponibles-en-location-a-Ankerana-dans-une-petite-residence-nouvellement-batie-Il-est-a-30min-de-la-ville-dans-un-quartier-calme-LOUE.html
Perelle LOCK CHIOU,,1,interieur,voiture_avec_par_parking,non,,3200000,https://www.ofim.mg/58066/Location-Appartement-ANTANANARIVO-TANANARIVE-OFIM-met-en-location-un-appartement-T2-au-bord-de-route-au-premiere-etage-d-un-immeuble-a-Ivandry-LOUE.html
Tanjombato,,3,interieur,voiture_avec_par_parking,FALSE,,3200000,https://www.ofim.mg/58261/Location-Maison-Villa-ANTANANARIVO-TANANARIVE-A-louer-une-belle-villa-a-etage-F4-dans-une-residence-a-Tanjombato.html
Perelle LOCK CHIOU,,2,interieur,voiture_avec_par_parking,oui,,800,https://www.ofim.mg/58455/Location-Appartement-ANTANANARIVO-TANANARIVE-OFIM-met-en-location-appartement-T3-meuble-en-centre-ville-a-Mahamasina-securise-24h-24-LOUE.html
Perelle LOCK CHIOU,,5,interieur,voiture_avec_par_parking,FALSE,bon,3200000,https://www.ofim.mg/59246/Location-Maison-Villa-ANTANANARIVO-TANANARIVE-OFIM-vous-propose-une-charmante-villa-spacieuse-et-bien-situee-car-elle-est-en-moins-de-15min-de-la-ville-LOUE.html
Lalaina RATSIMBAZAFY,,5,interieur,voiture_avec_par_parking,TRUE,,3200000,https://www.ofim.mg/70631/Location-Maison-Villa-ANTANANARIVO-TANANARIVE-Une-villa-F6-a-2-pas-de-l-ecole-Peter-pan-a-Imerimanjaka.html
Felana RAKOTONDRAVOAVY,,1,interieur,sans,oui,,3200000,https://www.ofim.mg/70890/Location-Appartement-ANTANANARIVO-TANANARIVE-A-louer-bel-appartement-meuble-equipe-T2-sur-Faravohitra-Antananarivo.html
Perelle LOCK CHIOU,,1,interieur,sans,TRUE,bon,3250000,https://www.ofim.mg/69405/Location-Appartement-ANTANANARIVO-TANANARIVE-OFIM-Immobilier-loue-des-appartements-entierement-meubles-Studio-T2-et-T3-en-centre-ville-Analakely-Ambatonakanga-DISPONIBLE.html
Felana RAKOTONDRAVOAVY,,1,interieur,sans,TRUE,,3250000,https://www.ofim.mg/70958/Location-Appartement-ANTANANARIVO-TANANARIVE-A-louer-un-bel-appartement-T2-meuble-avec-une-belle-vue-sur-la-ville-a-Faravohitra-Antananarivo.html
Lalaina RATSIMBAZAFY,2505,4,interieur,voiture_avec_par_parking,FALSE,bon,3300000,https://www.ofim.mg/61556/Location-Maison-Villa-ANTANANARIVO-TANANARIVE-Une-villa-F4-proche-de-toutes-les-commodites-a-Mahatony-Ivandry.html
Mandrosoa Ivato,881,4,interieur,voiture_avec_par_parking,FALSE,bon,3300000,https://www.ofim.mg/65810/Location-Maison-Villa-ANTANANARIVO-TANANARIVE-a-louer-une-villa-a-etage-de-standing-type-F5-dans-une-residence-securisee-sis-a-Mandrosoa-Ivato-non-loin-de-l-aeroport-et-des-centres-commerciaux-NON-DISPONIBLE.html
Felana RAKOTONDRAVOAVY,,1,interieur,sans,TRUE,,3300000,https://www.ofim.mg/70703/Location-Appartement-ANTANANARIVO-TANANARIVE-A-louer-un-bel-appartement-T2-meuble-equipe-belle-vue-sur-le-Rova-a-Amparibe.html
Ambatonakanga,,1,interieur,voiture_avec_par_parking,TRUE,,700,https://www.ofim.mg/64740/Location-Appartement-ANTANANARIVO-TANANARIVE-Un-appartement-T2-meuble-a-5mn-de-l-Ambassade-de-France-a-Ambatonakanga.html
Perelle LOCK CHIOU,240,4,interieur,voiture_avec_par_parking,FALSE,bon,3500000,https://www.ofim.mg/63906/Location-Maison-Villa-ANTANANARIVO-TANANARIVE-OFIM-met-en-location-une-villa-F6-meublee-et-equipee-a-Talatamaty-Tanjondava-LOUE.html
Soavimbahoaka,650,4,interieur,voiture_avec_par_parking,non,bon,3500000,https://www.ofim.mg/64615/Location-Maison-Villa-ANTANANARIVO-TANANARIVE-a-louer-une-villa-plain-pied-de-type-F5-dans-un-quartier-calme-a-5mn-de-l-ecole-primaire-Francaise-B-a-10-du-lycee-francais-d-Ambatobe-et-non-loin-du-centre-ville-sis-a-Soavimbahoaka-NON-DISPONIBLE.html
Perelle LOCK CHIOU,,3,interieur,voiture_avec_par_parking,FALSE,,3500000,https://www.ofim.mg/66674/Location-Maison-Villa-ANTANANARIVO-TANANARIVE-OFIM-Immobilier-loue-une-charmante-Villa-basse-neuve-F4-dans-une-petite-residence-sur-Talatamaty-Amborompotsy-LOUE.html
Felana RAKOTONDRAVOAVY,0,4,interieur,voiture_avec_par_parking,FALSE,bon,3500000,https://www.ofim.mg/68815/Location-Maison-Villa-ANTANANARIVO-TANANARIVE-Villa-basse-F5-quartier-calme-et-securise-a-Soavimbahoaka-Antananarivo.html
Ambohidratrimo,1243,7,interieur,voiture_avec_par_parking,non,bon,3500000,https://www.ofim.mg/69144/Location-Maison-Villa-ANTANANARIVO-TANANARIVE-a-louer-une-villa-a-etage-semi-meublee-de-type-F8-fraichement-construite-sur-un-terrain-1000-m2-legerement-en-pente-avec-une-vue-imprenable-situee-dans-un-endroit-calme-d-Ambohidratrimo.html
Ambohibao,160,4,interieur,voiture_avec_par_parking,non,bon,3500000,https://www.ofim.mg/69905/Location-Maison-Villa-ANTANANARIVO-TANANARIVE-a-louer-une-villa-de-standing-type-F5-avec-piscine-dans-une-residence-securisee-a-10-minutes-de-l-aeroport-Ivato-et-l-ecole-primaire-francaise-C-Ambohibao-sise-a-Ambohijanahary-Antehiroka-Ambohibao-NON-DISPONIBLE.html
Lalaina RATSIMBAZAFY,,2,interieur,voiture_avec_par_parking,TRUE,bon,3500000,https://www.ofim.mg/70567/Location-Maison-Villa-ANTANANARIVO-TANANARIVE-Un-appartement-T3-meuble-a-Ivandry.html
Lalaina RATSIMBAZAFY,0,3,interieur,voiture_avec_par_parking,FALSE,bon,3500000,https://www.ofim.mg/70614/Location-Maison-Villa-ANTANANARIVO-TANANARIVE-Une-villa-F4-securisee-a-Ambohimahitsy.html
Lalaina RATSIMBAZAFY,,1,interieur,voiture_avec_par_parking,TRUE,,3500000,https://www.ofim.mg/70643/Location-Appartement-ANTANANARIVO-TANANARIVE-Des-appartements-studio-T2-T3-meubles-a-Antsahavola.html
Lalaina RATSIMBAZAFY,0,5,interieur,voiture_avec_par_parking,FALSE,bon,3500000,https://www.ofim.mg/70682/Location-Maison-Villa-ANTANANARIVO-TANANARIVE-Une-villa-F6-avec-piscine-a-Ambohijanahary-Ambohibao.html
Perelle LOCK CHIOU,,6,interieur,voiture_avec_par_parking,FALSE,bon,3500000,https://www.ofim.mg/70686/Location-Maison-Villa-ANTANANARIVO-TANANARIVE-OFIM-immobilier-loue-une-villa-F6-neuve-et-semi-meublee-sur-Ambatolampy-Tsimahafotsy-a-environ-25min-d-ankorondrano-via-la-rocade-Tsarasaotra.html
Tsaralalana,1323,2,interieur,voiture_avec_par_parking,FALSE,bon,3500000,https://www.ofim.mg/70908/Location-Appartement-ANTANANARIVO-TANANARIVE-a-LOUER-2-Grand-Appartement-T3-Neuf-Tsaralalana-Centre-ville.html
Lalaina RATSIMBAZAFY,0,2,interieur,voiture_avec_par_parking,TRUE,bon,3500000,https://www.ofim.mg/70941/Location-Appartement-ANTANANARIVO-TANANARIVE-Un-appartement-T3-meuble-securise-a-Ivandry.html
Perelle LOCK CHIOU,,3,interieur,voiture_avec_par_parking,FALSE,neuf,3600000,https://www.ofim.mg/58632/Location-Appartement-ANTANANARIVO-TANANARIVE-OFIM-met-en-location-un-appartement-neuf-T4-en-duplex-pres-Mausolee-Panorama-LOUE.html
Lalaina RATSIMBAZAFY,,2,interieur,voiture_avec_par_parking,non,bon,3600000,https://www.ofim.mg/60215/Location-Appartement-ANTANANARIVO-TANANARIVE-Un-appartement-T3-a-Andrononobe-Analamahitsy.html
Perelle LOCK CHIOU,50,3,interieur,voiture_avec_par_parking,FALSE,bon,3600000,https://www.ofim.mg/64272/Location-Maison-Villa-ANTANANARIVO-TANANARIVE-OFIM-immobiliere-offre-en-location-une-villa-basse-F4-avec-un-petit-jardin-qui-est-juste-a-2min-a-pieds-du-Lycee-Francais-LOUE.html
Androhibe Ivandry,1176,2,interieur,voiture_avec_par_parking,TRUE,bon,3800000,https://www.ofim.mg/67983/Location-Appartement-ANTANANARIVO-TANANARIVE-a-louer-un-appartement-de-standing-type-T3-avec-piscine-privative-a-l-interieur-au-rez-de-chaussee-d-un-batiment-situe-dans-un-quartier-calme-et-residentiel-a-Androhibe-Ivandry-NON-DISPONIBLE.html
Perelle LOCK CHIOU,,3,interieur,voiture_avec_par_parking,FALSE,,3900000,https://www.ofim.mg/58633/Location-Appartement-ANTANANARIVO-TANANARIVE-OFIM-met-a-la-location-un-appartement-T4-en-duplex-avec-une-vue-magnifique-pres-Mausolee-LOUE.html
Perelle LOCK CHIOU,,5,interieur,voiture_avec_par_parking,,,3900000,https://www.ofim.mg/64580/Location-Appartement-ANTANANARIVO-TANANARIVE-OFIM-Offre-en-location-un-appartement-T5-sur-la-haute-ville-a-moins-de-10min-du-centre-ville-LOUE.html
Perelle LOCK CHIOU,,2,interieur,voiture_avec_par_parking,oui,,3920000,https://www.ofim.mg/61369/Location-Appartement-ANTANANARIVO-TANANARIVE-OFIM-met-en-location-un-bel-appartement-neuf-de-type-T3-entierement-meuble-et-equipe-dans-le-quartier-calme-d-Ankerana-qui-se-trouve-en-moins-de-10min-du-lycee-Francais-Ambatobe-et-15min-de-l-ecole-B-Ampandrianomby-LOUE.html
Ankadindravola,250,6,interieur,voiture_avec_par_parking,oui,bon,4000000,https://www.ofim.mg/56062/Location-Maison-Villa-ANTANANARIVO-TANANARIVE-A-louer-une-villa-meublee-a-etage-de-haut-standing-type-F7-fraichement-construite-au-norme-sise-a-Ankadindravola-a-5-mn-de-l-aeroport-Ivato.html
Perelle LOCK CHIOU,,2,interieur,voiture_avec_par_parking,FALSE,bon,4000000,https://www.ofim.mg/63479/Location-Appartement-ANTANANARIVO-TANANARIVE-OFIM-immobilier-offre-en-location-des-appartements-T3-T4-et-T5-disponibles-de-suite-dans-une-residence-securisee-a-plus-ou-moins-10min-d-Ambatobe-DISPONIBLE.html
Perelle LOCK CHIOU,0,4,interieur,voiture_avec_par_parking,FALSE,bon,4000000,https://www.ofim.mg/64810/Location-Maison-Villa-ANTANANARIVO-TANANARIVE-OFIM-immobilier-offre-en-location-une-charmante-villa-a-etage-meublee-et-equipee-sur-un-terrain-de-2500m2-sis-a-Ambohimangakely-et-vers-la-route-RN2-DISPONIBLE.html
ANTANANARIVO (TANANARIVE),1126,3,exterieur,voiture_avec_par_parking,FALSE,bon,4000000,https://www.ofim.mg/67018/Location-Appartement-ANTANANARIVO-TANANARIVE-a-louer-2-appartements-de-standing-type-T4-a-proximite-du-centre-commercial-Leader-Price-et-l-ambassade-americain-sis-a-Ambohibao.html
Perelle LOCK CHIOU,,3,interieur,voiture_avec_par_parking,,,4000000,https://www.ofim.mg/67190/Location-Maison-Villa-ANTANANARIVO-TANANARIVE-OFIM-Immobilier-loue-une-villa-F4-semi-meublee-sur-Ilaivola-Ivato-dans-un-quartier-calme-et-bon-voisinage-LOUE.html
Francia RAOLIJAONA,,4,interieur,voiture_avec_par_parking,oui,,4000000,https://www.ofim.mg/67975/Location-Maison-Villa-ANTANANARIVO-TANANARIVE-Location-d-une-charmante-maison-entierement-meublee-et-equipee-de-type-F5-a-Ambatolampy-tsimahafotsy.html
Lalaina RATSIMBAZAFY,,6,interieur,voiture_avec_par_parking,non,moyen,4000000,https://www.ofim.mg/68615/Location-Maison-Villa-ANTANANARIVO-TANANARIVE-Une-maison-F7-ideal-pour-bureau-a-Ambaranjana.html
Lalaina RATSIMBAZAFY,0,2,interieur,voiture_avec_par_parking,FALSE,bon,4000000,https://www.ofim.mg/69461/Location-Appartement-ANTANANARIVO-TANANARIVE-Un-appartement-T3-avec-vue-sur-Rova-a-Andrainarivo.html
Lalaina RATSIMBAZAFY,,2,interieur,voiture_avec_par_parking,oui,,4000000,https://www.ofim.mg/69462/Location-Appartement-ANTANANARIVO-TANANARIVE-Un-appartement-T3-a-Andrainarivo.html
Felan RAKOTONDRAVOAVY,,2,interieur,sans,TRUE,,4000000,https://www.ofim.mg/69611/Location-Appartement-ANTANANARIVO-TANANARIVE-A-louer-appartement-T3-neuf-sur-Ivandry-Antananarivo.html
Perelle LOCK CHIOU,455,2,interieur,voiture_avec_par_parking,non,bon,4000000,https://www.ofim.mg/69791/Location-Maison-Villa-ANTANANARIVO-TANANARIVE-OFIM-Immobilier-offre-en-location-une-petite-villa-meublee-F3-de-55m2-sur-un-terrain-de-1400m2-avec-piscine-sur-Ambatobe-Betsizaraina.html
Lalaina RATSIMBAZAFY,,4,interieur,voiture_avec_par_parking,FALSE,,4000000,https://www.ofim.mg/69910/Location-Maison-Villa-ANTANANARIVO-TANANARIVE-Une-villa-F5-neuve-a-Antsampandrano-Ilafy.html
Ambanidia,,2,interieur,voiture_avec_par_parking,oui,,4000000,https://www.ofim.mg/70482/Location-Appartement-ANTANANARIVO-TANANARIVE-Un-appartement-T3-meuble-a-Ambanidia.html
Anosiala Ambohidratrimo,4000,4,interieur,voiture_avec_par_parking,FALSE,bon,4000000,https://www.ofim.mg/70648/Location-Maison-Villa-ANTANANARIVO-TANANARIVE-a-louer-une-villa-moderne-recemment-construite-a-etage-de-type-F5-dans-un-quartier-calme-avec-l-air-pure-et-belle-vue-degagee-sur-le-golfe-du-rova-sise-a-Anosiala-Ambohidratrimo.html
Lalaina RATSIMBAZAFY,200,6,interieur,voiture_avec_par_parking,FALSE,bon,4000000,https://www.ofim.mg/70702/Location-Maison-Villa-ANTANANARIVO-TANANARIVE-Une-maison-F8-avec-un-grand-terrain-de-4000m2-a-Mahalavolona-Andoharanofotsy.html
Lalaina RATSIMBAZAFY,,3,interieur,voiture_avec_par_parking,TRUE,,4000000,https://www.ofim.mg/70832/Location-Appartement-ANTANANARIVO-TANANARIVE-Un-grand-appartement-T4-semi-meuble-a-Ambolokandrina.html
Perelle LOCK CHIOU,,2,interieur,voiture_avec_par_parking,oui,,800,https://www.ofim.mg/70872/Location-Appartement-ANTANANARIVO-TANANARIVE-OFIM-loue-un-bel-appartement-T3-meuble-equipe-sur-Soavimbahoaka-a-15min-d-Ankorondrano.html
FRANCIA RAOLIJAONA,,3,interieur,voiture_avec_par_parking,FALSE,,4000000,https://www.ofim.mg/70987/Location-Maison-Villa-ANTANANARIVO-TANANARIVE-A-LOUER-Spacieuse-villa-F4-dans-un-quartier-residentiel-a-Malaza-Andoharanofotsy.html
Perelle LOCK CHIOU,,3,interieur,voiture_avec_par_parking,non,neuf,1000,https://www.ofim.mg/61223/Location-Maison-Villa-ANTANANARIVO-TANANARIVE-OFIM-Immobilier-offre-en-location-une-villa-F4-neuve-dans-une-vaste-residence-plus-d-1ha-a-Manazary-Ilafy-qui-est-a-15min-du-leader-Price-Ambatobe-LOUE.html
Perelle LOCK CHIOU,,3,interieur,voiture_avec_par_parking,TRUE,,4150000,https://www.ofim.mg/64737/Location-Appartement-ANTANANARIVO-TANANARIVE-OFIM-offre-en-location-des-appartements-T4-entierement-meubles-sis-a-ambodirano-Ivato-qui-est-en-moins-de-20min-d-Ivandry.html
Francia RAOLIJAONA,,5,interieur,voiture_avec_par_parking,oui,,4165000,https://www.ofim.mg/68029/Location-Maison-Villa-ANTANANARIVO-TANANARIVE-location-d-une-villa-F6-meublee-et-equipee-dans-une-residence-securisee-a-moins-de-10mn-d-ambatobe.html
Perelle LOCK CHIOU,,3,interieur,voiture_avec_par_parking,FALSE,,4200000,https://www.ofim.mg/65179/Location-Maison-Villa-ANTANANARIVO-TANANARIVE-OFIM-immobilier-offre-en-location-une-villa-F4-dans-sise-a-Analamahitsy-Ambatobe.html
Perelle LOCK CHIOU,,1,interieur,voiture,oui,bon,900,https://www.ofim.mg/67286/Location-Appartement-ANTANANARIVO-TANANARIVE-OFIM-Immobilier-loue-un-appartement-T2-entierement-meuble-sur-Analamahitsy-dans-une-residence-securisee-24-24-disponible-de-suite-LOUE.html
Perelle LOCK CHIOU,,3,interieur,voiture_avec_par_parking,FALSE,,4250000,https://www.ofim.mg/65575/Location-Maison-Villa-ANTANANARIVO-TANANARIVE-Charmante-Villa-a-louer-dans-une-propriete-de-900m2-situee-a-3min-a-pieds-du-Lycee-Francais-LOUE.html
Perelle LOCK CHIOU,,1,interieur,voiture_avec_par_parking,TRUE,bon,4250000,https://www.ofim.mg/69740/Location-Appartement-ANTANANARIVO-TANANARIVE-OFIM-Immobilier-loue-un-appartement-T2-sur-Ivandry-dans-une-residence-securisee-H24-7-facile-d-acces-et-un-quartier-calme-DISPONIBLE.html
Ivandry,40,1,interieur,voiture_avec_par_parking,oui,bon,4250000,https://www.ofim.mg/70049/Location-Appartement-ANTANANARIVO-TANANARIVE-A-louer-un-beau-studio-de-40-m2-meuble-equipe-sur-Ivandry-Antananarivo.html
Ivandry,,2,interieur,voiture_avec_par_parking,oui,,4250000,https://www.ofim.mg/70050/Location-Appartement-ANTANANARIVO-TANANARIVE-Bel-appartement-T2-de-60-m2-neuf-meuble-equipe-sur-Ivandry-Antananarivo.html
Perelle LOCK CHIOU,200,3,interieur,voiture_avec_par_parking,oui,bon,4400000,https://www.ofim.mg/60722/Location-Appartement-ANTANANARIVO-TANANARIVE-OFIM-met-a-la-location-des-appartements-de-standing-avec-piscine-sis-a-Ambatobe-a-5-minutes-du-Lycee-Francais-LOUE.html
Mandrosoa Ivato,1269,4,interieur,voiture_avec_par_parking,FALSE,bon,4400000,https://www.ofim.mg/69690/Location-Maison-Villa-ANTANANARIVO-TANANARIVE-a-louer-une-villa-de-standing-type-F5-dans-une-residence-securisee-proche-de-toutes-les-commodites-et-a-5-minutes-de-l-aeroport-Ivato-NON-DISPONIBLE.html
Perelle LOCK CHIOU,262,1,interieur,voiture,oui,bon,900,https://www.ofim.mg/64801/Location-Appartement-ANTANANARIVO-TANANARIVE-OFIM-loue-un-appartement-T2-meuble-au-4e-etage-sur-Analamahitsy-accessible-en-seulement-5min-d-Ankorondrano-et-Ivandry-LOUE.html
Perelle LOCK CHIOU,,4,interieur,voiture_avec_par_parking,oui,,4500000,https://www.ofim.mg/66822/Location-Appartement-ANTANANARIVO-TANANARIVE-OFIM-immobilier-offre-en-location-un-Appartement-de-type-T5-meuble-equipe-sis-a-Ambatobe-a-5min-a-pieds-du-Lycee-Francais-LOUE.html
Talatamaty Amboropotsy,1264,5,interieur,voiture_avec_par_parking,FALSE,bon,4500000,https://www.ofim.mg/69669/Location-Maison-Villa-ANTANANARIVO-TANANARIVE-A-louer-grande-villa-F6-avec-piscine-a-Talatamaty-NON-DISPONIBLE.html
Ampefiloha,135,2,interieur,voiture,FALSE,bon,4500000,https://www.ofim.mg/69732/Location-Appartement-ANTANANARIVO-TANANARIVE-a-louer-un-appartement-duplex-a-usage-mixte-bureau-ou-habitation-bord-de-route-principale-avec-parking-situe-a-Ampefiloha-proximite-de-toutes-les-commodites.html
Francia RAOLIJAONA,0,3,interieur,voiture_avec_par_parking,oui,bon,4500000,https://www.ofim.mg/70280/Location-Appartement-ANTANANARIVO-TANANARIVE-location-d-un-appartement-T4-neuf-avec-mezzanine-a-Anndrohibe-NON-DISPONIBLE.html
Ambatolampy Tsimahafotsy,1301,4,interieur,voiture_avec_par_parking,FALSE,neuf,4500000,https://www.ofim.mg/70379/Location-Appartement-ANTANANARIVO-TANANARIVE-A-louer-DUPLEX-neuf-de-type-F5-avec-vue-panoramique-sur-le-lac-d-Ivato-sise-a-Ambatolampy-Tsimahafotsy-non-loin-de-l-aeroport-et-Ivandry-via-la-nouvelle-rocade-Tsarasaotra.html
Perelle LOCK CHIOU,506,5,interieur,voiture_avec_par_parking,FALSE,bon,4500000,https://www.ofim.mg/70687/Location-Maison-Villa-ANTANANARIVO-TANANARIVE-OFIM-Immobilier-offre-en-location-une-villa-F6-meublee-equipee-sur-Anosy-Avaratra-a-environ-15min-de-la-rocade-Tsarasaotra.html
Lalaina RATSIMBAZAFY,,3,interieur,voiture_avec_par_parking,,,4500000,https://www.ofim.mg/70949/Location-Appartement-ANTANANARIVO-TANANARIVE-Un-appartement-T4-securise-sur-cite-planton.html
Lalaina RATSIMBAZAFY,,2,interieur,voiture_avec_par_parking,TRUE,,4780000,https://www.ofim.mg/69191/Location-Appartement-ANTANANARIVO-TANANARIVE-Un-appartement-T3-meuble-et-equipe-dans-une-residence-a-Androhibe.html
Jacky RASOLOARIVONY,817,6,interieur,voiture_avec_par_parking,FALSE,bon,4800000,https://www.ofim.mg/59554/Location-Maison-Villa-ANTANANARIVO-TANANARIVE-A-louer-une-belle-villa-a-etage-F7-neuve-et-de-haut-standing-a-By-Pass-NON-DISPO.html
Perelle LOCK CHIOU,,7,interieur,voiture_avec_par_parking,FALSE,bon,4800000,https://www.ofim.mg/60008/Location-Maison-Villa-ANTANANARIVO-TANANARIVE-OFIM-met-en-location-une-grande-villa-a-deux-etages-a-Androhibe-avec-9-pieces-principales-avec-jardin-parking-et-terrasse-LOUE.html
Ambatonakanga,,2,interieur,voiture_avec_par_parking,FALSE,moyen,1000,https://www.ofim.mg/68277/Location-Appartement-ANTANANARIVO-TANANARIVE-Un-appartement-T3-avec-vue-sur-lac-Anosy-a-Ambatonakanga.html
FRANCIA RAOLIJAONA,,6,interieur,voiture_avec_par_parking,FALSE,,4800000,https://www.ofim.mg/69518/Location-Maison-Villa-ANTANANARIVO-TANANARIVE-location-d-une-maison-F4-meublee-un-appartement-T2-a-Ambatobe-DISPONIBLE.html
Lalaina RATSIMBAZAFY,,1,interieur,voiture_avec_par_parking,TRUE,,4800000,https://www.ofim.mg/70480/Location-Maison-Villa-ANTANANARIVO-TANANARIVE-Un-appartement-T2-meuble-securise-a-Androhibe.html
Ankadimbahoaka,,3,interieur,voiture_avec_par_parking,FALSE,,4800000,https://www.ofim.mg/70611/Location-Appartement-ANTANANARIVO-TANANARIVE-Un-appartement-T4-securise-a-Ankadimbahoaka.html
Lalaina RATSIMBAZAFY,,2,interieur,voiture_avec_par_parking,TRUE,,4900000,https://www.ofim.mg/54498/Location-Appartement-ANTANANARIVO-TANANARIVE-A-louer-des-appartements-T3-de-haut-standing-a-Andrononobe-Antananarivo.html
Lalaina RATSIMBAZAFY,3104,7,interieur,voiture_avec_par_parking,non,bon,4900000,https://www.ofim.mg/69753/Location-Maison-Villa-ANTANANARIVO-TANANARIVE-Une-villa-F8-avec-piscine-chauffee-a-Betongolo.html
Felana RAKOTONDRAVOAVY,135,3,interieur,voiture_avec_par_parking,non,bon,4900000,https://www.ofim.mg/70118/Location-Maison-Villa-ANTANANARIVO-TANANARIVE-A-louer-coquette-villa-basse-F4-moderne-et-spacieux-avec-une-belle-vue-a-Fort-Duchesne-Antananarivo.html
Jacky RASOLOARIVONY,687,3,interieur,voiture_avec_par_parking,oui,bon,5000000,https://www.ofim.mg/55827/Location-Maison-Villa-ANTANANARIVO-TANANARIVE-A-louer-une-belle-villa-basse-semi-meublee-de-type-F4-dans-une-residence-securisee-24-24h-situee-a-Tanjombato.html
Lalaina RATSIMBAZAFY,2000,4,interieur,voiture_avec_par_parking,oui,bon,5000000,https://www.ofim.mg/59867/Location-Maison-Villa-ANTANANARIVO-TANANARIVE-Une-villa-de-standing-F5-semi-meublee-a-Ilaivola-Ivato.html
Perelle LOCK CHIOU,217,4,interieur,voiture_avec_par_parking,oui,bon,5000000,https://www.ofim.mg/62980/Location-Maison-Villa-ANTANANARIVO-TANANARIVE-OFIM-offre-en-location-une-villa-F5-neuve-batie-sur-un-terrain-de-690m2-dans-une-residence-securisee-24-24-a-Ambatobe-LOUE.html
Perelle LOCK CHIOU,,4,interieur,voiture_avec_par_parking,FALSE,,1000,https://www.ofim.mg/63929/Location-Maison-Villa-ANTANANARIVO-TANANARIVE-OFIM-immobilier-offre-en-location-une-charmante-villa-F5-entierement-meublee-dans-une-residence-securisee-24-24-a-Ivato-DISPOIBLE.html
Ambohibao Ambohijanahary,1500,4,interieur,voiture_avec_par_parking,non,bon,5000000,https://www.ofim.mg/64776/Location-Maison-Villa-ANTANANARIVO-TANANARIVE-a-louer-une-grande-villa-a-etage-de-type-F6-avec-piscine-et-immense-jardin-bati-sur-un-terrain-de-1500-m2-dans-un-quartier-calme-avec-une-vue-degagee-imprenable-sis-a-Ambohibao-Ambohijanahary-non-loin-de-l-ecole-primaire-francaise-C-Ambohibao-et-l-aeropor.html
Perelle LOCK CHIOU,290,5,interieur,voiture_avec_par_parking,FALSE,bon,5000000,https://www.ofim.mg/65848/Location-Maison-Villa-ANTANANARIVO-TANANARIVE-Pur-vos-projets-professionnels-ou-personnels-OFIM-loue-une-villa-F6-avec-des-chambres-attenantes-sur-Talatamaty-en-bord-de-route-NON-DISPONIBLE.html
Lalaina RATSIMBAZAFY,,4,interieur,voiture_avec_par_parking,oui,,1000,https://www.ofim.mg/65880/Location-Maison-Villa-ANTANANARIVO-TANANARIVE-Une-villa-F5-meublee-et-equipee-a-etage-securisee-a-Nanisana.html
Francia RAOLIJAONA,366,7,interieur,voiture_avec_par_parking,FALSE,bon,5000000,https://www.ofim.mg/67591/Location-Maison-Villa-ANTANANARIVO-TANANARIVE-location-maison-F8-a-5mn-a-pieds-de-l-ecole-Francaise-D-dans-un-quartier-securise-a-Ivandry-DISPONIBLE.html
Jacky RASOLOARIVONY,1170,3,interieur,sans,FALSE,bon,5000000,https://www.ofim.mg/68030/Location-Maison-Villa-ANTANANARIVO-TANANARIVE-a-louer-une-villa-plain-pied-de-standing-type-F4-dans-une-residence-securisee-bord-du-lac-pieds-dans-l-eau-et-non-loin-de-l-ecole-primaire-francaise-C-Ambohibao-Mamamba.html
Ambohibao Andranomena,1195,4,interieur,voiture_avec_par_parking,FALSE,bon,5000000,https://www.ofim.mg/68263/Location-Appartement-ANTANANARIVO-TANANARIVE-a-louer-un-appartement-de-standing-de-type-T5-en-duplex-dans-un-endroit-calme-et-securise-et-a-deux-pas-du-centre-commercial-LEADER-PRICE-sise-a-Ambohibao-Andranomena.html
Perelle LOCK CHIOU,,2,interieur,voiture_avec_par_parking,oui,,5000000,https://www.ofim.mg/68560/Location-Appartement-ANTANANARIVO-TANANARIVE-OFIM-immobilier-offre-en-location-sur-la-haute-ville-un-T3-pas-moins-de-100m2-donnant-une-belle-vue-de-toute-la-ville-LOUE.html
Manakambahiny,210,3,interieur,voiture_avec_par_parking,oui,bon,5000000,https://www.ofim.mg/69527/Location-Appartement-ANTANANARIVO-TANANARIVE-a-louer-un-appartement-semi-meuble-a-usage-mixte-bord-de-route-principale-situe-a-proximite-de-toutes-les-commodites-a-Manakambahiny-et-a-5-minutes-du-centre-ville.html
Lalaina RATSIMBAZAFY,,3,interieur,voiture_avec_par_parking,oui,,5000000,https://www.ofim.mg/69655/Location-Maison-Villa-ANTANANARIVO-TANANARIVE-Une-villa-F4-meublee-avec-jardin-a-Ambohimiandra.html
Lalaina RATSIMBAZAFY,0,3,interieur,voiture_avec_par_parking,oui,bon,5000000,https://www.ofim.mg/69758/Location-Maison-Villa-ANTANANARIVO-TANANARIVE-Une-villa-F4-entierement-meublee-a-Talatamaty-Ambohinambo.html
Felan RAKOTONDRAVOAVY,200,4,interieur,voiture_avec_par_parking,non,bon,5000000,https://www.ofim.mg/69854/Location-Maison-Villa-ANTANANARIVO-TANANARIVE-A-louer-une-belle-maison-F5-a-etage-dans-un-quartier-residentiel-a-Ivato-Ankadindravola-Antananarivo.html
Lalaina RATSIMBAZAFY,,2,interieur,voiture_avec_par_parking,oui,bon,5000000,https://www.ofim.mg/69896/Location-Appartement-ANTANANARIVO-TANANARIVE-Des-appartements-T3-T4-T5-neufs-securises-a-Anosizato.html
Ambohibao,,3,interieur,voiture_avec_par_parking,oui,bon,5000000,https://www.ofim.mg/69963/Location-Maison-Villa-ANTANANARIVO-TANANARIVE-a-louer-une-villa-meublee-contemporaine-a-etage-de-type-F4-avec-piscine-non-loin-de-l-ecole-primaire-francaise-C-et-l-ecole-Georges-Brassens-sise-a-Ambohibao-NON-DISPONIBLE.html
ANTANANARIVO (TANANARIVE),,4,interieur,voiture_avec_par_parking,oui,,5000000,https://www.ofim.mg/69983/Location-Appartement-ANTANANARIVO-TANANARIVE-a-louer-un-appartement-de-type-T6-en-duplex-meuble-et-equipe-au-3eme-etage-d-un-immeuble-de-R-4-bien-situe-et-securise-bord-de-route-principale-a-3-minutes-de-l-aeroport-et-proximite-de-toutes-les-commodites-sise-a-Ivato.html
Lalaina RATSIMBAZAFY,,3,interieur,voiture_avec_par_parking,,,5000000,https://www.ofim.mg/70008/Location-Maison-Villa-ANTANANARIVO-TANANARIVE-Une-villa-F4-a-Betongolo.html
Lalaina RATSIMBAZAFY,,4,interieur,voiture_avec_par_parking,FALSE,,5000000,https://www.ofim.mg/70012/Location-Maison-Villa-ANTANANARIVO-TANANARIVE-Une-villa-F5-a-Maibahoaka-Ivato.html
Lalaina RATSIMBAZAFY,,7,interieur,voiture_avec_par_parking,FALSE,,5000000,https://www.ofim.mg/70572/Location-Maison-Villa-ANTANANARIVO-TANANARIVE-Une-grande-villa-F8-a-Ambohinambo-Talatamaty.html
Perelle LOCK CHIOU,,3,interieur,voiture_avec_par_parking,FALSE,,1000,https://www.ofim.mg/70871/Location-Appartement-ANTANANARIVO-TANANARIVE-OFIM-Immobilier-loue-un-appartement-T4-sur-Ivandry-a-deux-pas-de-l-ecole-British-School.html
Perelle LOCK CHIOU,522,3,interieur,voiture_avec_par_parking,oui,bon,1000,https://www.ofim.mg/70892/Location-Appartement-ANTANANARIVO-TANANARIVE-OFIM-immobilier-loue-des-appartements-T4-sur-Ambohibao.html
Analamahitsy,60,1,interieur,voiture_avec_par_parking,oui,bon,1050,https://www.ofim.mg/68720/Location-Appartement-ANTANANARIVO-TANANARIVE-OFIM-Immobilier-loue-un-T2-entierement-meuble-et-equipe-sur-Analamahitsy-Ankorondrano-dans-une-residence-securisee-H24-DISPONIBLE.html
Perelle LOCK CHIOU,96,2,interieur,voiture_avec_par_parking,oui,bon,1600,https://www.ofim.mg/64811/Location-Appartement-ANTANANARIVO-TANANARIVE-OFIM-met-en-location-des-appartements-T2-T3-T4-neufs-sur-Androhibe-en-moins-de-5min-d-Ivandry-et-dans-une-residence-securisee-de-24-24-DISPONIBLE.html
Perelle LOCK CHIOU,,4,interieur,voiture_avec_par_parking,FALSE,,5000000,https://www.ofim.mg/65787/Location-Maison-Villa-ANTANANARIVO-TANANARIVE-OFIM-immobilier-offre-en-location-une-villa-mitoyenne-F5-a-etage-au-coeur-d-ivandry-a-quelques-pas-de-l-ecole-la-Clairefontaine-ou-l-ecole-D-LOUE.html
Perelle LOCK CHIOU,500,6,interieur,voiture_avec_par_parking,TRUE,bon,5360000,https://www.ofim.mg/65176/Location-Maison-Villa-ANTANANARIVO-TANANARIVE-OFIM-immobilier-loue-une-villa-a-etage-meublee-F7-sise-a-Ilafy-a-10min-de-Somacou-et-a-mins-de-20min-environ-du-Lycee-Francais-Ambatobe-BIEN-NON-DISPONIBLE.html
Perelle LOCK CHIOU,,3,interieur,voiture_avec_par_parking,TRUE,bon,5400000,https://www.ofim.mg/62702/Location-Appartement-ANTANANARIVO-TANANARIVE-OFIM-offre-en-location-un-appartement-entierement-meuble-et-equipe-a-Ivandry-au-bord-de-toute-dans-une-residence-surveillee-24-24-LOUE.html
ANTANANARIVO (TANANARIVE),1186,2,interieur,voiture_avec_par_parking,oui,bon,5500000,https://www.ofim.mg/68381/Location-Appartement-ANTANANARIVO-TANANARIVE-a-louer-un-appartement-de-standing-entierement-equipes-de-type-F3-dans-une-residence-securisee-a-Ambohibao-et-a-proximite-de-toutes-les-commodites-a-deux-pas-de-l-ecole-primaire-francaise-C.html
Perelle LOCK CHIOU,,5,interieur,voiture_avec_par_parking,FALSE,moyen,5520000,https://www.ofim.mg/63653/Location-Maison-Villa-ANTANANARIVO-TANANARIVE-OFIM-immobilier-offre-en-location-une-villa-neuve-de-F6-dans-une-petite-residence-securisee-a-2min-de-l-ecole-B-les-charmilles-Ivandry-DISPONIBLE.html
Perelle LOCK CHIOU,110,3,interieur,voiture_avec_par_parking,non,bon,1250,https://www.ofim.mg/65598/Location-Appartement-ANTANANARIVO-TANANARIVE-OFIM-immobilier-offre-en-location-un-appartement-T4-meuble-ou-non-meuble-au-coeur-d-Ivandry-au-3e-etage-A-usage-habitation-ou-bureau-DISPONIBLE.html
Francia RAOLIJAONA,54,3,interieur,voiture_avec_par_parking,oui,bon,5640000,https://www.ofim.mg/68772/Location-Appartement-ANTANANARIVO-TANANARIVE-location-d-un-spacieux-appartement-dans-une-residence-a-7minutes-a-pieds-du-lycee-Francais-a-Ambatobe.html
Francia RAOLIJAONA,54,2,interieur,voiture_avec_par_parking,oui,bon,5640000,https://www.ofim.mg/68773/Location-Appartement-ANTANANARIVO-TANANARIVE-location-d-un-spacieux-appartement-dans-une-residence-a-7minutes-a-pieds-du-lycee-Francais-a-Ambatobe.html
Lalaina RATSIMBAZAFY,180,3,interieur,voiture_avec_par_parking,FALSE,bon,1200,https://www.ofim.mg/68764/Location-Appartement-ANTANANARIVO-TANANARIVE-Un-grand-appartement-T4-au-rez-de-jardin-a-Ambatobe.html
Lalaina RATSIMBAZAFY,180,3,interieur,voiture_avec_par_parking,FALSE,bon,5700000,https://www.ofim.mg/68766/Location-Appartement-ANTANANARIVO-TANANARIVE-Un-grand-appartement-T4-au-rez-de-chaussee-a-Ambatobe-pres-du-Lycee-Francais.html
Perelle LOCK CHIOU,,3,interieur,voiture_avec_par_parking,oui,,1400,https://www.ofim.mg/60684/Location-Appartement-ANTANANARIVO-TANANARIVE-OFIM-offre-a-la-location-trois-appartements-en-duplex-neufs-de-type-T4-de-150m2-et-160m2-sis-sur-la-haute-ville-de-Tana-Ces-appartements-sont-dans-un-quartier-calme-et-seurise-avec-une-splendide-vue-de-toute-la-ville-LOUE.html
ANTANANARIVO (TANANARIVE),0,3,interieur,voiture_avec_par_parking,FALSE,bon,5800000,https://www.ofim.mg/68774/Location-Appartement-ANTANANARIVO-TANANARIVE-a-louer-2-appartements-de-standing-type-T4-au-rez-de-chaussee-et-1ere-etage-d-un-batiment-de-R-3-avec-une-belle-vue-imprenable-sis-a-Ambatobe-et-non-loin-du-lycee-francais.html
Lalaina RATSIMBAZAFY,80,4,interieur,voiture_avec_par_parking,oui,bon,5880000,https://www.ofim.mg/64556/Location-Maison-Villa-ANTANANARIVO-TANANARIVE-Une-maison-d-architecte-F5-a-louer-avec-piscine-a-Talatamaty-LOUE.html
Lalaina RATSIMBAZAFY,1572,4,interieur,voiture_avec_par_parking,FALSE,bon,1200,https://www.ofim.mg/65295/Location-Maison-Villa-ANTANANARIVO-TANANARIVE-Une-villa-a-etage-F5-avec-vue-a-Faravohitra.html
Lalaina RATSIMBAZAFY,180,3,interieur,voiture_avec_par_parking,FALSE,bon,5880000,https://www.ofim.mg/68765/Location-Appartement-ANTANANARIVO-TANANARIVE-A-louer-un-bel-appartement-T4-spacieux-a-Ambatobe-proche-du-Lycee-Francais-avec-une-vue-sur-le-Lac-masay.html
Francia RAOLIJAONA,2461,5,interieur,voiture_avec_par_parking,non,bon,6000000,https://www.ofim.mg/60723/Location-Appartement-ANTANANARIVO-TANANARIVE-OFIM-offre-en-location-une-Villa-F7-a-etage-neuve-avec-piscine-a-quelques-min-du-lycee-Francais-et-a-moins-de-10min-d-Ambatobe-LOUE.html
Jacky RASOLOARIVONY,453,2,interieur,voiture_avec_par_parking,oui,bon,1200,https://www.ofim.mg/62327/Location-Appartement-ANTANANARIVO-TANANARIVE-a-louer-un-appartement-meuble-de-haut-standing-type-F3-dans-un-immeuble-securise-avec-ascenseur-et-piscine-sis-a-Analamahintsy-avec-une-vue-degagee-sur-le-lac-Marais-Masay-et-non-de-l-ecole-primaire-francais-D-et-Claire-Fontaine.html
Lalaina RATSIMBAZAFY,2298,4,interieur,voiture_avec_par_parking,oui,bon,6000000,https://www.ofim.mg/62573/Location-Appartement-ANTANANARIVO-TANANARIVE-Un-appartement-T5-de-208m2-avec-piscine-a-debordement-a-20mn-de-l-ambassade-de-France-sur-haute-ville.html
Talatamaty,,10,interieur,voiture_avec_par_parking,,,6000000,https://www.ofim.mg/66093/Location-Maison-Villa-ANTANANARIVO-TANANARIVE-a-louer-une-maison-a-etage-de-type-F12-sis-a-Talatamaty-bord-de-route-a-proximite-de-toutes-les-commodites-centres-commerciaux-banques-transports-en-commun-station-service-Ideal-pour-usage-mixte-comme-bureau-chambres-d-hotes-ecoles.html
Perelle LOCK CHIOU,352,5,interieur,voiture_avec_par_parking,oui,bon,1250,https://www.ofim.mg/67166/Location-Maison-Villa-ANTANANARIVO-TANANARIVE-OFIM-immobilier-offre-en-l-ovation-une-villa-F6-neuve-avec-piscine-sur-Ambatobe-a-5min-en-voiture-du-Lycee-Francais-LOUE.html
Lalaina RATSIMBAZAFY,1564,7,interieur,voiture_avec_par_parking,oui,bon,6000000,https://www.ofim.mg/68831/Location-Maison-Villa-ANTANANARIVO-TANANARIVE-Une-villa-F8-meublee-a-Nanisana.html
Felana RAKOTONDRAVOAVY,0,3,interieur,voiture_avec_par_parking,TRUE,bon,6000000,https://www.ofim.mg/69613/Location-Appartement-ANTANANARIVO-TANANARIVE-A-louer-un-grand-appartement-T4-neuf-sur-Ivandry-Antananarivo.html
Lalaina RATSIMBAZAFY,1200,5,intérieur,voiture_avec_par_parking,TRUE,bon,6000000,https://www.ofim.mg/69895/Location-Maison-Villa-ANTANANARIVO-TANANARIVE-Une-villa-F6-a-Ambohinambo-Talatamaty.html
Ambohidratrimo,,6,interieur,voiture_avec_par_parking,oui,,6000000,https://www.ofim.mg/69933/Location-Maison-Villa-ANTANANARIVO-TANANARIVE-Location-Villa-F6-meublee-a-Ambohidratrimo-avec-vue-sur-le-lac.html
Lalaina RATSIMBAZAFY,,3,interieur,voiture_avec_par_parking,FALSE,,6000000,https://www.ofim.mg/70031/Location-Maison-Villa-ANTANANARIVO-TANANARIVE-Une-villa-mitoyenne-F5-semi-meublee-a-etage-a-Isoraka.html
Perelle LOCK CHIOU,10000,2,interieur,voiture_avec_par_parking,oui,bon,6000000,https://www.ofim.mg/70744/Location-Maison-Villa-ANTANANARIVO-TANANARIVE-OFIM-Immobilier-propose-en-location-une-maison-F3-meublee-et-equipee-sur-Soamanandrariny-a-environ-25min-d-ankorondrano-De-15min-a-pieds-pour-Ambatobe.html
Perelle LOCK CHIOU,,2,interieur,voiture_avec_par_parking,TRUE,,1500,https://www.ofim.mg/59668/Location-Appartement-ANTANANARIVO-TANANARIVE-OFIM-met-en-location-un-appartement-T3-meuble-dans-une-residence-securisee-24-24-a-Ivandry-pres-de-toutes-les-commodites-Il-est-a-10min-du-centre-ville-LOUE.html
Lalaina RATSIMBAZAFY,58.5,2,interieur,voiture_avec_par_parking,TRUE,bon,1240,https://www.ofim.mg/70478/Location-Appartement-ANTANANARIVO-TANANARIVE-Des-appartements-meubles-T3-dans-une-residence-securisee-a-Androhibe.html
Perelle LOCK CHIOU,,7,interieur,voiture_avec_par_parking,FALSE,,6300000,https://www.ofim.mg/66433/Location-Maison-Villa-ANTANANARIVO-TANANARIVE-OFIM-Immobilier-offre-en-location-une-Villa-a-etage-F8-sur-Ambatobe-a-quelques-pieds-du-Lycee-Francais-dans-une-residence-securisee-24-24-LOUE.html
Lalaina RATSIMBAZAFY,,5,interieur,voiture_avec_par_parking,oui,,13700,https://www.ofim.mg/70122/Location-Maison-Villa-ANTANANARIVO-TANANARIVE-Une-villa-F6-meublee-dans-une-petite-residence-a-Ambohijanaka.html
Perelle LOCK CHIOU,2298,4,interieur,voiture_avec_par_parking,oui,bon,6400000,https://www.ofim.mg/60689/Location-Appartement-ANTANANARIVO-TANANARIVE-OFIM-vous-offre-en-location-un-appartement-de-Type-T5-tres-spacieux-de-250m2-de-surface-habitable-avec-jardin-sur-la-Haute-ville-qui-est-juste-en-moins-de-20min-du-centre-ville-LOUE.html
Perelle LOCK CHIOU,,3,interieur,voiture_avec_par_parking,oui,bon,1400,https://www.ofim.mg/60685/Location-Appartement-ANTANANARIVO-TANANARIVE-Deux-appartements-en-duplex-et-neufs-de-type-T4-de-150m2-et-160m2-sis-sur-la-haute-ville-sont-a-la-location-chez-OFIM-LOUE.html
Jacky RASOLOARIVONY,535,8,interieur,voiture_avec_par_parking,FALSE,bon,6500000,https://www.ofim.mg/57002/Location-Maison-Villa-ANTANANARIVO-TANANARIVE-A-louer-une-villa-a-etage-F9-avec-piscine-se-trouvant-au-bord-de-route-non-loin-de-l-ecole-primaire-francaise-C-a-Ambohibao-Ambatolampy-NON-DISPONIBLE.html
Ambohipotsy,,3,interieur,voiture_avec_par_parking,TRUE,,6500000,https://www.ofim.mg/68544/Location-Appartement-ANTANANARIVO-TANANARIVE-Un-grand-appartement-T4-meuble-sur-la-haute-ville-a-Ambohipotsy.html
Lalaina RATSIMBAZAFY,,4,interieur,voiture_avec_par_parking,FALSE,,6500000,https://www.ofim.mg/69295/Location-Maison-Villa-ANTANANARIVO-TANANARIVE-Des-villas-F5-mitoyennes-neuves-securisees-a-Androhibe.html
Jacky RASOLOARIVONY,1000,9,interieur,voiture_avec_par_parking,FALSE,bon,6500000,https://www.ofim.mg/70236/Location-Maison-Villa-ANTANANARIVO-TANANARIVE-a-louer-une-grande-villa-de-haut-standing-F10-batie-sur-un-terrain-de-1000m2-avec-une-piscine-neuve-dans-un-endroit-calme-et-bon-voisinage-a-5minutes-de-l-ecole-primaire-francaise-C-a-Ambohibao-LOUE.html
ANTANANARIVO (TANANARIVE),1209,1,interieur,voiture_avec_par_parking,TRUE,bon,6500000,https://www.ofim.mg/70432/Location-Appartement-ANTANANARIVO-TANANARIVE-A-louer-un-appartement-de-standing-entierement-meuble-type-T2-sise-a-Androhibe-Ivandry.html
Androhibe,0,2,interieur,voiture_avec_par_parking,TRUE,bon,6500000,https://www.ofim.mg/70909/Location-Appartement-ANTANANARIVO-TANANARIVE-A-louer-un-bel-appartement-T3-meuble-dans-une-belle-residence-a-Androhibe-Antananarivo.html
Androhibe,1324,2,interieur,voiture_avec_par_parking,oui,bon,1300,https://www.ofim.mg/70913/Location-Appartement-ANTANANARIVO-TANANARIVE-a-louer-un-appartement-meuble-de-standing-type-F3-avec-rooftop-privatif-sise-a-Androhibe-dans-une-residence-hautement-securisee.html
Perelle LOCK CHIOU,130,3,interieur,voiture_avec_par_parking,non,bon,1500,https://www.ofim.mg/61728/Location-Maison-Villa-ANTANANARIVO-TANANARIVE-OFIM-offre-en-location-une-charmante-villa-moderne-F4-non-meublee-avec-piscine-et-jardin-dans-une-residence-securise-24-24-a-Tanjombato-LOUE.html
Perelle LOCK CHIOU,,5,interieur,voiture_avec_par_parking,FALSE,,6750000,https://www.ofim.mg/62819/Location-Maison-Villa-ANTANANARIVO-TANANARIVE-OFIM-loue-une-Villa-F6-a-etage-avec-piscine-et-jardin-dans-une-residence-securisee-24-24-a-Ambohitrarahaba-LOUE.html
Lalaina RATSIMBAZAFY,0,5,interieur,voiture_avec_par_parking,non,bon,7000000,https://www.ofim.mg/65419/Location-Maison-Villa-ANTANANARIVO-TANANARIVE-Une-villa-contemporaine-F5-avec-piscine-a-Soavimbahoaka-NON-DISPONIBLE.html
Francia RAOLIJAONA,360,4,interieur,voiture_avec_par_parking,non,bon,7000000,https://www.ofim.mg/67479/Location-Maison-Villa-ANTANANARIVO-TANANARIVE-Villa-F5-neuve-sise-a-Ambohitrarahaba-LOUE.html
Perelle LOCK CHIOU,,6,interieur,voiture_avec_par_parking,FALSE,,7000000,https://www.ofim.mg/69511/Location-Maison-Villa-ANTANANARIVO-TANANARIVE-OFIM-Immobilier-offre-en-location-une-maison-entierement-meublee-et-equipee-sur-4-niveaux-a-moins-de-10min-d-Ambatobe-et-5min-d-Ankorondrano-NON-DISPONIBLE.html
Francia RAOLIJAONA,,5,interieur,voiture_avec_par_parking,TRUE,,7000000,https://www.ofim.mg/70121/Location-Maison-Villa-ANTANANARIVO-TANANARIVE-Villa-F6-meublee-et-equipee-a-by-pass-NON-DISPONIBLE.html
Francia RAOLIJAONA,,3,interieur,voiture_avec_par_parking,FALSE,bon,7000000,https://www.ofim.mg/70224/Location-Appartement-ANTANANARIVO-TANANARIVE-location-d-un-immeuble-avec-2-appartements-T4-et-1-appartement-T3-en-bord-de-la-route-a-Soanierana.html
Lalaina RATSIMBAZAFY,1824,4,interieur,voiture_avec_par_parking,non,bon,7100000,https://www.ofim.mg/69513/Location-Maison-Villa-ANTANANARIVO-TANANARIVE-Des-villas-neuves-F5-a-louer-dans-une-residence-securisee-a-Anosizato.html
Cité Platon,569,4,interieur,voiture_avec_par_parking,oui,bon,7200000,https://www.ofim.mg/53680/Location-Appartement-ANTANANARIVO-TANANARIVE-A-louer-un-duplex-de-haut-standing-de-type-T5-dans-une-residence-bien-securisee-dans-le-centre-ville-situe-au-cite-planton.html
Perelle LOCK CHIOU,2298,4,interieur,voiture_avec_par_parking,FALSE,bon,7200000,https://www.ofim.mg/59184/Location-Maison-Villa-ANTANANARIVO-TANANARIVE-Une-villa-de-type-traditionnelle-F5-sur-la-haute-ville-Ambohipotsy-LOUE.html
Perelle LOCK CHIOU,,3,interieur,voiture_avec_par_parking,FALSE,,7200000,https://www.ofim.mg/67230/Location-Appartement-ANTANANARIVO-TANANARIVE-OFIM-immobilier-loue-un-appartement-neuf-T4-de-170m2-sur-Ivandry-LOUE.html
Lalaina RATSIMBAZAFY,,2,interieur,voiture_avec_par_parking,TRUE,,7200000,https://www.ofim.mg/69429/Location-Appartement-ANTANANARIVO-TANANARIVE-Un-appartement-meuble-T3-securise-a-Ankorondrano.html
Lalaina RATSIMBAZAFY,,4,interieur,voiture_avec_par_parking,FALSE,,7200000,https://www.ofim.mg/70396/Location-Maison-Villa-ANTANANARIVO-TANANARIVE-Une-villa-neuve-F5-de-plain-pied-dans-une-residence-a-Ambohitrarahaba.html
Lalaina RATSIMBAZAFY,3185,4,interieur,voiture_avec_par_parking,FALSE,bon,7200000,https://www.ofim.mg/70616/Location-Maison-Villa-ANTANANARIVO-TANANARIVE-Une-villa-F5-avec-piscine-a-Ambohitrarahaba.html
Lalaina RATSIMBAZAFY,2777,4,interieur,voiture_avec_par_parking,oui,bon,7350000,https://www.ofim.mg/65528/Location-Maison-Villa-ANTANANARIVO-TANANARIVE-Villa-de-standing-F5-neuve-proche-de-toutes-les-commodites-et-bien-securisee-a-Ankorondrano-NON-DISPONIBLE.html
Jacky RASOLOARIVONY,1225,4,interieur,voiture_avec_par_parking,oui,bon,1500,https://www.ofim.mg/69054/Location-Maison-Villa-ANTANANARIVO-TANANARIVE-a-louer-une-villa-a-etage-de-standing-avec-piscine-entierement-meublee-de-type-F5-facile-d-acces-non-loin-de-l-ecole-primaire-Claire-Fontaine-et-la-nouvelle-rocade-d-Andranotapahina-a-10-minutes-de-l-aeroport-sise-a-Talatamaty-bel-air.html
Francia RAOLIJAONA,,6,interieur,voiture_avec_par_parking,FALSE,bon,7500000,https://www.ofim.mg/70747/Location-Maison-Villa-ANTANANARIVO-TANANARIVE-villa-moderne-neuve-F6-dans-une-residence-securisee-a-Ambohimangakely.html
Lalaina RATSIMBAZAFY,1824,3,interieur,voiture_avec_par_parking,oui,bon,7680000,https://www.ofim.mg/69675/Location-Maison-Villa-ANTANANARIVO-TANANARIVE-Une-villa-moderne-F4-a-louer-avec-piscine-securisee-a-Ankadimbahoaka.html
FRANCIA RAOLIJAONA,,3,interieur,voiture_avec_par_parking,non,,7750000,https://www.ofim.mg/70661/Location-Appartement-ANTANANARIVO-TANANARIVE-a-louer-Grand-appartement-de-standing-de-type-T4-non-meuble-a-Ivandry.html
Perelle LOCK CHIOU,,3,interieur,voiture_avec_par_parking,oui,,7800000,https://www.ofim.mg/70535/Location-Appartement-ANTANANARIVO-TANANARIVE-OFIM-Immobilier-loue-un-appartement-T4-entierement-meuble-et-equipe-sur-Analamahitsy-dans-une-residence-securisee-a-5min-d-ankorondrano.html
Perelle LOCK CHIOU,138,5,interieur,voiture_avec_par_parking,TRUE,bon,8000000,https://www.ofim.mg/60232/Location-Maison-Villa-ANTANANARIVO-TANANARIVE-OFIM-offre-a-la-location-une-villa-a-etage-F6-meublee-et-equipee-avec-un-beau-jardin-a-Ambatobe-Elle-a-une-vue-agreable-bien-degage-securisee-24-24-et-7-7-a-5min-du-Lycee-Francais-LOUE.html
Perelle LOCK CHIOU,,4,interieur,voiture_avec_par_parking,FALSE,,8000000,https://www.ofim.mg/64130/Location-Maison-Villa-ANTANANARIVO-TANANARIVE-OFIM-offre-en-location-une-villa-F5-a-etage-meublee-et-equipee-avec-piscine-et-parking-sis-a-Mahatony-Ivandry-LOUE.html
Perelle LOCK CHIOU,180,4,interieur,voiture_avec_par_parking,non,bon,8000000,https://www.ofim.mg/66781/Location-Maison-Villa-ANTANANARIVO-TANANARIVE-OFIM-immobilier-loue-une-charmante-Villa-a-etage-avec-jardin-dans-un-quartier-calme-sur-Farango-Analamahitsy-LOUE.html
Ambohibao,1000,7,interieur,voiture_avec_par_parking,oui,bon,8000000,https://www.ofim.mg/70435/Location-Maison-Villa-ANTANANARIVO-TANANARIVE-A-louer-une-grande-villa-entierement-renovee-de-type-F8-facile-d-acces-seulement-a-quelques-metres-de-la-route-principale-sise-a-Ambohibao.html
Francia RAOLIJAONA,523,4,interieur,voiture_avec_par_parking,FALSE,bon,8000000,https://www.ofim.mg/70939/Location-Maison-Villa-ANTANANARIVO-TANANARIVE-A-LOUER-une-Villa-F5-dans-un-quartier-residentiel-a-Androhibe.html
Perelle LOCK CHIOU,130,3,interieur,voiture_avec_par_parking,FALSE,bon,8.05,https://www.ofim.mg/60093/Location-Maison-Villa-ANTANANARIVO-TANANARIVE-OFIM-met-en-location-des-chics-villas-neuves-a-etage-F4-de-style-moderne-qui-se-situe-a-seulement-moins-de-10min-de-la-ville-Elle-est-dans-le-quartier-calme-a-Mahatony-Ivandry-LOUE.html
Perelle LOCK CHIOU,,7,interieur,voiture_avec_par_parking,non,bon,1700,https://www.ofim.mg/67055/Location-Maison-Villa-ANTANANARIVO-TANANARIVE-OFIM-immobilier-loue-une-charmante-villa-a-etage-avec-piscine-sur-un-terrain-de-1-800m2-dans-un-quartier-calme-en-bord-de-route-d-Ambohibao-LOUE.html
Lalaina RATSIMBAZAFY,,3,interieur,voiture_avec_par_parking,FALSE,,8160000,https://www.ofim.mg/68739/Location-Maison-Villa-ANTANANARIVO-TANANARIVE-Une-villa-F4-sur-la-haute-ville-avec-jardin-a-Ambohipotsy.html
Perelle LOCK CHIOU,200,4,interieur,voiture_avec_par_parking,FALSE,bon,8300000,https://www.ofim.mg/69948/Location-Appartement-ANTANANARIVO-TANANARIVE-Occasion-rare-OFIM-Immobilier-loue-un-appartement-spacieux-T5-meuble-et-equipe-sur-Andraharo-Ambodivonkely.html
Felanai RAKOTONDRAVOAVY,3220,5,interieur,voiture_avec_par_parking,TRUE,bon,8500000,https://www.ofim.mg/70952/Location-Maison-Villa-ANTANANARIVO-TANANARIVE-A-louer-une-grande-villa-F6-a-5-minutes-a-pied-du-lycee-francais-a-Ambatobe-Antananarivo.html
Perelle LOCK CHIOU,171,5,interieur,voiture_avec_par_parking,FALSE,bon,9000000,https://www.ofim.mg/61408/Location-Maison-Villa-ANTANANARIVO-TANANARIVE-OFIM-vous-propose-en-location-une-villa-a-etage-F6-avec-piscine-et-jardin-arbore-sur-un-terrain-de-2900m2-a-Ambatobe-a-5min-a-pieds-du-Lycee-Francais-LOUE.html
Perelle LOCK CHIOU,,6,interieur,voiture_avec_par_parking,FALSE,moyen,9000000,https://www.ofim.mg/66673/Location-Maison-Villa-ANTANANARIVO-TANANARIVE-OFIM-immobilier-vous-propose-une-villa-a-etage-F7-avec-piscine-dans-une-petite-residence-contenant-deux-autres-villas-F5-sur-Ivandry-LOUE.html
Lalaina RATSIMBAZAFY,,4,interieur,voiture_avec_par_parking,FALSE,,9000000,https://www.ofim.mg/70214/Location-Maison-Villa-ANTANANARIVO-TANANARIVE-Une-villa-F5-au-charme-de-type-traditionnel-avec-piscine-a-Androhibe.html
Perelle LOCK CHIOU,,4,interieur,voiture_avec_par_parking,,,9000000,https://www.ofim.mg/70400/Location-Maison-Villa-ANTANANARIVO-TANANARIVE-OFIM-immobilier-loue-une-villa-F6-meublee-equipee-sur-Ambohijanahary-Ivato-dans-un-quartier-calme-et-residentiel-DISPONIBLE.html
Lalaina RATSIMBAZAFY,1655,6,interieur,voiture_avec_par_parking,TRUE,bon,9100000,https://www.ofim.mg/70436/Location-Maison-Villa-ANTANANARIVO-TANANARIVE-Une-villa-F7-de-type-traditionnel-avec-piscine-a-Ivandry.html
Perelle LOCK CHIOU,297,10,interieur,voiture_avec_par_parking,FALSE,bon,9240000,https://www.ofim.mg/66019/Location-Maison-Villa-ANTANANARIVO-TANANARIVE-OFIM-Immobilier-loue-une-grande-villa-a-etage-F10-a-usage-mixte-sur-Ambohibao-Antehiroka-en-bord-de-route-pres-de-la-Bianco-LOUE.html
Perelle LOCK CHIOU,52,3,interieur,voiture_avec_par_parking,non,bon,9250000,https://www.ofim.mg/70852/Location-Appartement-ANTANANARIVO-TANANARIVE-OFIM-immobilier-offre-en-location-un-T4-semi-meuble-en-duplex-a-5min-d-Ivandry-dans-une-residence-securisee-H24.html
Lalaina RATSIMBAZAFY,3148,7,interieur,voiture_avec_par_parking,FALSE,bon,9500000,https://www.ofim.mg/70166/Location-Maison-Villa-ANTANANARIVO-TANANARIVE-Une-grande-villa-F7-a-etage-a-By-pass-Alasora.html
Felanai RAKOTONDRAVOAVY,3211,5,interieur,voiture_avec_par_parking,TRUE,bon,9500000,https://www.ofim.mg/70860/Location-Maison-Villa-ANTANANARIVO-TANANARIVE-A-louer-spacieuse-villa-F6-meuble-dans-une-residence-securisee-a-Androhibe-Antananarivo.html
Perelle LOCK CHIOU,,5,interieur,voiture_avec_par_parking,FALSE,,9600000,https://www.ofim.mg/58460/Location-Maison-Villa-ANTANANARIVO-TANANARIVE-Une-villa-basse-F7-a-louer-dans-un-quartier-residentiel-Ivandry-pres-du-station-Jovena-LOUE.html
Lalaina RATSIMBAZAFY,,3,interieur,voiture_avec_par_parking,FALSE,bon,9600000,https://www.ofim.mg/70439/Location-Appartement-ANTANANARIVO-TANANARIVE-Un-appartement-T4-meuble-securise-a-Ivandry.html
Francia RAOLIJAONA,,3,interieur,voiture_avec_par_parking,TRUE,,9800000,https://www.ofim.mg/67495/Location-Maison-Villa-ANTANANARIVO-TANANARIVE-location-d-une-villa-F5-meublee-proche-de-toutes-les-commodites-a-Tsarasaotra-LOUE.html
Perelle LOCK CHIOU,,3,interieur,voiture_avec_par_parking,non,moyen,2000,https://www.ofim.mg/70235/Location-Maison-Villa-ANTANANARIVO-TANANARIVE-OFIM-immobilier-offre-en-location-une-villa-F5-meublee-situee-entre-Ivato-et-Ankorondrano-Elle-est-a-environ-20min-de-Tsarasaotra.html
Perelle LOCK CHIOU,1300,6,interieur,voiture_avec_par_parking,FALSE,bon,9960000,https://www.ofim.mg/69900/Location-Maison-Villa-ANTANANARIVO-TANANARIVE-OFIM-Immobilier-loue-une-Villa-F7-avec-jardin-et-piscine-au-lotissement-bonnet-Ivandry-BIEN-NON-DISPONIBLE.html
Perelle LOCK CHIOU,214,4,interieur,voiture_avec_par_parking,TRUE,bon,2000,https://www.ofim.mg/58587/Location-Appartement-ANTANANARIVO-TANANARIVE-OFIM-met-en-location-des-appartements-T5-de-plus-de-214m2-dans-une-residence-calme-et-securisee-H24-sur-ambatobe-a-deux-pas-du-lycee-francais.html
Ilaivola Ivato,1270,4,interieur,voiture_avec_par_parking,oui,bon,10000000,https://www.ofim.mg/69687/Location-Maison-Villa-ANTANANARIVO-TANANARIVE-A-louer-une-superbe-villa-meublee-a-etage-avec-piscine-de-type-F5-situee-dans-une-residence-securisee-proche-de-toutes-les-commodites-et-a-5mn-de-l-aeroport-Ivato.html
Perelle LOCK CHIOU,479,4,interieur,voiture_avec_par_parking,TRUE,bon,2000,https://www.ofim.mg/70182/Location-Maison-Villa-ANTANANARIVO-TANANARIVE-Une-propriete-de-3000m2-avec-une-charmante-villa-F5-en-location-chez-OFIM-Immobilier-sur-Malaza-Andoharanofotsy.html
Lalaina RATSIMBAZAFY,3198,4,interieur,voiture_avec_par_parking,oui,bon,10000000,https://www.ofim.mg/70712/Location-Maison-Villa-ANTANANARIVO-TANANARIVE-Une-villa-F5-dans-une-residence-securisee-a-5mn-a-pied-du-Lycee-Francais-a-Ambatobe.html
Lalaina RATSIMBAZAFY,,3,interieur,voiture_avec_par_parking,FALSE,,10000000,https://www.ofim.mg/70791/Location-Maison-Villa-ANTANANARIVO-TANANARIVE-Une-villa-F4-avec-une-vue-degagee-a-Ambatobe-Ambohibe.html
Lalaina RATSIMBAZAFY,0,6,interieur,voiture_avec_par_parking,non,bon,10250000,https://www.ofim.mg/59521/Location-Maison-Villa-ANTANANARIVO-TANANARIVE-Une-villa-F7-avec-piscine-a-debordement-a-10mn-du-Lycee-a-ambatobe-NON-DISPONIBLE.html
Perelle LOCK CHIOU,,5,interieur,voiture_avec_par_parking,FALSE,,10500,https://www.ofim.mg/65178/Location-Maison-Villa-ANTANANARIVO-TANANARIVE-OFIM-offre-en-location-une-villa-a-etage-F6-non-meublee-meublee-et-equipee-sur-Ivandry-LOUE.html
Perelle LOCK CHIOU,200,6,interieur,voiture_avec_par_parking,non,bon,10560000,https://www.ofim.mg/69229/Location-Maison-Villa-ANTANANARIVO-TANANARIVE-OFIM-loue-une-Villa-F7-meublee-equipee-sur-Ivandry-a-quelques-pas-des-ecoles-et-les-commerces-NON-DISPONIBLE.html
Jacky RASOLOARIVONY,165,4,interieur,voiture_avec_par_parking,FALSE,bon,2000,https://www.ofim.mg/69258/Location-Maison-Villa-ANTANANARIVO-TANANARIVE-A-louer-une-villa-de-plain-pied-standing-fraichement-construite-avec-piscine-dans-un-quartier-calme-et-residentiel-a-10-mn-de-l-ecole-primaire-francaise-C-Ambohibao-et-non-loin-du-centre-commercial-LEADER-PRICE-se-situe-a-Ambohibao-Morondava.html
Lalaina RATSIMBAZAFY,,2,interieur,voiture_avec_par_parking,TRUE,bon,10780000,https://www.ofim.mg/68660/Location-Appartement-ANTANANARIVO-TANANARIVE-Des-appartements-de-standing-neufs-T3-T4-et-T5-avec-vue-sur-le-lac-a-Ambohibao.html
Lalaina RATSIMBAZAFY,162,5,interieur,voiture_avec_par_parking,FALSE,bon,2300,https://www.ofim.mg/68408/Location-Maison-Villa-ANTANANARIVO-TANANARIVE-Une-villa-a-etage-F6-avec-piscine-a-Androhibe.html
Ivandry,1500,3,interieur,voiture_avec_par_parking,FALSE,bon,11000000,https://www.ofim.mg/68423/Location-Maison-Villa-ANTANANARIVO-TANANARIVE-a-louer-une-villa-plain-pied-de-type-F4-dans-un-lotissement-tres-demande-de-Ivandry.html
Francia RAOLIJAONA,,7,interieur,voiture_avec_par_parking,FALSE,,11250000,https://www.ofim.mg/70875/Location-Maison-Villa-ANTANANARIVO-TANANARIVE-Spacieuse-villa-F7-avec-piscine-situee-dans-un-c-quartier-residentiel-a-androhibe-a-moins-de-7-mn-d-ivandry.html
Lalaina RATSIMBAZAFY,,4,interieur,voiture_avec_par_parking,FALSE,,12500000,https://www.ofim.mg/67811/Location-Maison-Villa-ANTANANARIVO-TANANARIVE-Une-villa-F5-a-etage-dans-une-residence-securisee-a-Ambatobe.html
Perelle LOCK CHIOU,,4,interieur,voiture_avec_par_parking,non,moyen,12000000,https://www.ofim.mg/68508/Location-Maison-Villa-ANTANANARIVO-TANANARIVE-OFIM-Immobilier-une-villa-F5-a-etage-sur-un-terrain-d-environ-2000m2-au-Lotissement-bonnet-Ivandry-Idealement-pour-usage-de-bureau-ou-habitation.html
Lalaina RATSIMBAZAFY,120,3,interieur,voiture_avec_par_parking,oui,bon,12250000,https://www.ofim.mg/48149/Location-Appartement-ANTANANARIVO-TANANARIVE-Un-appartement-T4-de-haut-standing-meuble-et-equipe-dans-une-residence-a-Ivandry.html
Lalaina RATSIMBAZAFY,1468,4,interieur,voiture_avec_par_parking,FALSE,bon,12250000,https://www.ofim.mg/69713/Location-Maison-Villa-ANTANANARIVO-TANANARIVE-Une-villa-F5-avec-piscine-et-jardin-a-Androhibe.html
Perelle LOCK CHIOU,357,4,interieur,voiture_avec_par_parking,FALSE,moyen,12300000,https://www.ofim.mg/64800/Location-Appartement-ANTANANARIVO-TANANARIVE-OFIM-immobilier-loue-un-appartement-local-en-duplex-de-357m2-de-surface-habitable-a-usage-mixte-au-5e-et-6e-etage-sis-a-Ivandry-DISPONIBLE.html
Francia RAOLIJAONA,246,4,interieur,voiture_avec_par_parking,non,bon,12500000,https://www.ofim.mg/70321/Location-Maison-Villa-ANTANANARIVO-TANANARIVE-villa-de-standing-de-type-F5-avec-piscine-grand-studio-a-Ambatobe-LOUEE.html
Mandrosoa Ivato,300,4,interieur,voiture_avec_par_parking,FALSE,bon,12500000,https://www.ofim.mg/70732/Location-Maison-Villa-ANTANANARIVO-TANANARIVE-a-louer-une-villa-neuve-style-traditionnelle-de-type-F6-sur-un-terrain-bien-amenage-de-3-500m2-avec-vue-degagee-sur-le-lac-et-acces-facile-a-Mandrosoa-Ivato.html
Perelle LOCK CHIOU,100,3,interieur,voiture_avec_par_parking,oui,bon,12500000,https://www.ofim.mg/70947/Location-Appartement-ANTANANARIVO-TANANARIVE-OFIM-immobilier-offre-en-location-un-beau-T4-en-duplex-de-300m2-en-surface-habitable-meuble-et-equipe-dans-une-residence-securise-H24-sur-Ivandry.html
Lalaina RATSIMBAZAFY,,4,interieur,voiture_avec_par_parking,FALSE,,13200000,https://www.ofim.mg/57632/Location-Maison-Villa-ANTANANARIVO-TANANARIVE-A-louer-une-villa-F5-avec-piscine-a-Ambatobe-Antananarivo-LOUE.html
Perelle LOCK CHIOU,183,5,interieur,voiture_avec_par_parking,oui,bon,2700,https://www.ofim.mg/61770/Location-Maison-Villa-ANTANANARIVO-TANANARIVE-OFIM-offre-en-location-une-magnifique-villa-F7-avec-piscine-et-jardin-qui-est-securisee-24-24-a-Ambatobe-a-quelques-pas-du-Lycee-Francais-DISPONIBLE.html
Perelle LOCK CHIOU,454,5,interieur,voiture_avec_par_parking,FALSE,bon,13900000,https://www.ofim.mg/69774/Location-Maison-Villa-ANTANANARIVO-TANANARIVE-OFIM-Immobilier-loue-une-villa-F6-avec-piscine-nichee-sur-un-terrain-de-1600m2-sur-Ambatobe-BIEN-LOUE.html
Ivandry,770,4,interieur,voiture_avec_par_parking,FALSE,bon,14000000,https://www.ofim.mg/58488/Location-Maison-Villa-ANTANANARIVO-TANANARIVE-A-louer-une-villa-a-etage-de-haut-standing-type-F5-dans-une-residence-securisee-a-Ivandry-pres-de-l-ecole-D.html
Lalaina RATSIMBAZAFY,3095,5,interieur,voiture_avec_par_parking,FALSE,bon,2800,https://www.ofim.mg/70637/Location-Maison-Villa-ANTANANARIVO-TANANARIVE-Une-villa-F6-avec-piscine-de-type-traditionnel-a-Ambatobe.html
Lalaina RATSIMBAZAFY,2675,5,interieur,voiture_avec_par_parking,oui,bon,3500,https://www.ofim.mg/65871/Location-Maison-Villa-ANTANANARIVO-TANANARIVE-Une-grande-villa-F6-dans-une-residence-securisee-avec-piscine-a-Androhibe-NON-DISPONIBLE.html
Lalaina RATSIMBAZAFY,0,6,interieur,voiture_avec_par_parking,oui,bon,3000,https://www.ofim.mg/68479/Location-Maison-Villa-ANTANANARIVO-TANANARIVE-Une-villa-F7-avec-beau-jardin-et-piscine-a-debordement-a-Ambatobe-d-un-terrain-de-2-500m2-NON-DISPONIBLE.html
Jacky RASOLOARIVONY,853,5,interieur,voiture_avec_par_parking,FALSE,bon,15000000,https://www.ofim.mg/60433/Location-Maison-Villa-ANTANANARIVO-TANANARIVE-A-louer-une-splendide-villa-F6-avec-piscine-dans-le-lotissement-bonnet-a-Ivandry.html
Lalaina RATSIMBAZAFY,,4,interieur,voiture_avec_par_parking,non,,3000,https://www.ofim.mg/70212/Location-Maison-Villa-ANTANANARIVO-TANANARIVE-Une-villa-F5-avec-piscine-a-5mn-a-pied-du-Lycee-Francais-a-Ambatobe.html
Ankorondrano,3210,3,interieur,voiture_avec_par_parking,non,bon,15000000,https://www.ofim.mg/70847/Location-Maison-Villa-ANTANANARIVO-TANANARIVE-Une-villa-neuve-F4-securisee-a-Ankorondrano.html
Francia RAOLIJAONA,480,7,interieur,voiture_avec_par_parking,FALSE,bon,17500000,https://www.ofim.mg/70159/Location-Maison-Villa-ANTANANARIVO-TANANARIVE-somptueuse-villa-F8-avec-piscine-et-grand-jardin-dans-le-quartier-residentiel-d-ambohibao.html
Francia RAOLIJAONA,2000,6,interieur,voiture_avec_par_parking,FALSE,bon,17500000,https://www.ofim.mg/70444/Location-Maison-Villa-ANTANANARIVO-TANANARIVE-Une-Villa-d-architecte-de-standing-meublee-et-equipee-avec-terrain-de-tennis-a-Talatamaty.html
Lalaina RATSIMBAZAFY,,4,interieur,voiture_avec_par_parking,FALSE,,18000000,https://www.ofim.mg/65115/Location-Maison-Villa-ANTANANARIVO-TANANARIVE-Une-villa-F5-avec-piscine-a-Ivandry-dans-une-residence-bien-securisee-a-Ivandry-NON-DISPONIBLE.html
Lalaina RATSIMBAZAFY,,4,interieur,voiture_avec_par_parking,FALSE,bon,19000000,https://www.ofim.mg/69107/Location-Maison-Villa-ANTANANARIVO-TANANARIVE-Une-villa-F5-avec-piscine-dans-la-residence-bonnet-a-Ivandry.html
Perelle LOCK CHIOU,282,6,interieur,voiture_avec_par_parking,FALSE,bon,20500000,https://www.ofim.mg/65584/Location-Maison-Villa-ANTANANARIVO-TANANARIVE-OFIM-immobilier-loue-une-magnifique-Villa-F6-dans-une-propriete-de-1800m2-et-de-300m2-de-surface-batie-nichee-dans-le-quartier-prise-Ivandry-LOUE.html
Francia RAOLIJAONA,,7,interieur,voiture_avec_par_parking,FALSE,,24000000,https://www.ofim.mg/68795/Location-Maison-Villa-ANTANANARIVO-TANANARIVE-location-d-une-majestueuse-villa-de-type-F8-pres-da-la-residence-charmilles-Ivandry-DISPONIBLE.html
Lalaina RATSIMBAZAFY,0,5,interieur,voiture_avec_par_parking,FALSE,bon,29000000,https://www.ofim.mg/70920/Location-Maison-Villa-ANTANANARIVO-TANANARIVE-Une-grande-villa-F6-de-type-traditionnelle-avec-piscine-a-Ankadifotsy.html
